证券代码,收盘价,RSI(14),网格状态,布林位置,操作建议,加码倍数,20日均振幅%,证券简称
501023,1.185,44.7,正常震荡,中轨下方(看弱),常规网格,1.0x,6.4,未知
563530,1.761,88.37,⚠️超买区,中轨上方(看强),暂停买入/逢高减仓,1.0x,5.34,未知
563230,1.773,87.96,⚠️超买区,中轨上方(看强),暂停买入/逢高减仓,1.0x,5.32,未知
159218,2.158,88.91,⚠️超买区,中轨上方(看强),暂停买入/逢高减仓,1.0x,5.29,未知
512630,1.769,88.7,⚠️超买区,中轨上方(看强),暂停买入/逢高减仓,1.0x,5.22,未知
159206,2.001,88.62,⚠️超买区,中轨上方(看强),暂停买入/逢高减仓,1.0x,4.72,未知
561660,1.471,84.5,⚠️超买区,中轨上方(看强),暂停买入/逢高减仓,1.0x,4.43,未知
563380,1.328,84.32,⚠️超买区,中轨上方(看强),暂停买入/逢高减仓,1.0x,3.8,未知
563320,1.335,87.69,⚠️超买区,中轨上方(看强),暂停买入/逢高减仓,1.0x,3.74,未知
159283,1.384,87.53,⚠️超买区,中轨上方(看强),暂停买入/逢高减仓,1.0x,3.74,未知
501032,1.73,55.11,正常震荡,中轨下方(看弱),常规网格,1.0x,3.65,未知
513310,2.977,81.12,⚠️超买区,中轨上方(看强),暂停买入/逢高减仓,1.0x,3.63,未知
159267,1.341,81.62,⚠️超买区,中轨上方(看强),暂停买入/逢高减仓,1.0x,3.56,未知
512710,0.903,87.0,⚠️超买区,中轨上方(看强),暂停买入/逢高减仓,1.0x,3.52,未知
159638,1.224,89.25,⚠️超买区,中轨上方(看强),暂停买入/逢高减仓,1.0x,3.46,未知
159230,1.427,80.39,⚠️超买区,中轨上方(看强),暂停买入/逢高减仓,1.0x,3.45,未知
159227,1.567,87.96,⚠️超买区,中轨上方(看强),暂停买入/逢高减仓,1.0x,3.43,未知
159208,1.6,88.86,⚠️超买区,中轨上方(看强),暂停买入/逢高减仓,1.0x,3.42,未知
159241,1.595,88.65,⚠️超买区,中轨上方(看强),暂停买入/逢高减仓,1.0x,3.4,未知
159392,1.396,84.89,⚠️超买区,中轨上方(看强),暂停买入/逢高减仓,1.0x,3.32,未知
159257,1.291,83.73,⚠️超买区,中轨上方(看强),暂停买入/逢高减仓,1.0x,3.3,未知
589020,1.405,85.85,⚠️超买区,中轨上方(看强),暂停买入/逢高减仓,1.0x,3.2,未知
561330,2.098,80.11,⚠️超买区,中轨上方(看强),暂停买入/逢高减仓,1.0x,3.19,未知
588170,1.741,86.36,⚠️超买区,中轨上方(看强),暂停买入/逢高减仓,1.0x,3.18,未知
560860,1.766,84.85,⚠️超买区,中轨上方(看强),暂停买入/逢高减仓,1.0x,3.14,未知
560780,1.988,84.11,⚠️超买区,中轨上方(看强),暂停买入/逢高减仓,1.0x,3.14,未知
588710,1.798,87.0,⚠️超买区,中轨上方(看强),暂停买入/逢高减仓,1.0x,3.11,未知
562590,1.899,85.96,⚠️超买区,中轨上方(看强),暂停买入/逢高减仓,1.0x,3.1,未知
159378,1.538,86.27,⚠️超买区,中轨上方(看强),暂停买入/逢高减仓,1.0x,3.1,未知
159558,2.109,84.88,⚠️超买区,中轨上方(看强),暂停买入/逢高减仓,1.0x,3.09,未知
159327,2.144,83.97,⚠️超买区,中轨上方(看强),暂停买入/逢高减仓,1.0x,3.09,未知
159231,0.746,85.64,⚠️超买区,中轨上方(看强),暂停买入/逢高减仓,1.0x,3.09,未知
508022,3.451,65.61,正常震荡,中轨上方(看强),常规网格,1.0x,3.07,未知
159516,1.8,84.29,⚠️超买区,中轨上方(看强),暂停买入/逢高减仓,1.0x,3.06,未知
501201,1.529,62.5,正常震荡,中轨上方(看强),常规网格,1.0x,3.04,未知
159881,2.02,81.62,⚠️超买区,中轨上方(看强),暂停买入/逢高减仓,1.0x,3.02,未知
516650,2.062,82.57,⚠️超买区,中轨上方(看强),暂停买入/逢高减仓,1.0x,3.02,未知
508010,2.97,84.44,⚠️超买区,中轨上方(看强),暂停买入/逢高减仓,1.0x,3.0,未知
508048,3.675,63.17,正常震荡,中轨上方(看强),常规网格,1.0x,3.0,未知
159690,2.135,81.38,⚠️超买区,中轨上方(看强),暂停买入/逢高减仓,1.0x,2.99,未知
159608,1.169,80.49,⚠️超买区,中轨上方(看强),暂停买入/逢高减仓,1.0x,2.99,未知
561980,2.35,87.99,⚠️超买区,中轨上方(看强),暂停买入/逢高减仓,1.0x,2.99,未知
159652,1.822,81.44,⚠️超买区,中轨上方(看强),暂停买入/逢高减仓,1.0x,2.99,未知
159582,2.588,88.51,⚠️超买区,中轨上方(看强),暂停买入/逢高减仓,1.0x,2.98,未知
159880,2.126,82.03,⚠️超买区,中轨上方(看强),暂停买入/逢高减仓,1.0x,2.97,未知
159671,1.43,80.5,⚠️超买区,中轨上方(看强),暂停买入/逢高减仓,1.0x,2.95,未知
159255,1.282,87.01,⚠️超买区,中轨上方(看强),暂停买入/逢高减仓,1.0x,2.95,未知
561800,1.085,79.93,⚠️超买区,中轨上方(看强),暂停买入/逢高减仓,1.0x,2.94,未知
562800,1.019,80.08,⚠️超买区,中轨上方(看强),暂停买入/逢高减仓,1.0x,2.94,未知
512400,2.094,80.84,⚠️超买区,中轨上方(看强),暂停买入/逢高减仓,1.0x,2.94,未知
512670,1.033,90.98,⚠️超买区,中轨上方(看强),暂停买入/逢高减仓,1.0x,2.93,未知
508017,3.894,60.78,正常震荡,中轨上方(看强),常规网格,1.0x,2.93,未知
512680,1.6,89.69,⚠️超买区,中轨上方(看强),暂停买入/逢高减仓,1.0x,2.89,未知
512560,0.964,89.33,⚠️超买区,中轨上方(看强),暂停买入/逢高减仓,1.0x,2.89,未知
159871,2.111,82.23,⚠️超买区,中轨上方(看强),暂停买入/逢高减仓,1.0x,2.87,未知
159876,1.085,81.72,⚠️超买区,中轨上方(看强),暂停买入/逢高减仓,1.0x,2.87,未知
159246,1.968,82.37,⚠️超买区,中轨上方(看强),暂停买入/逢高减仓,1.0x,2.86,未知
589180,1.585,98.9,⚠️超买区,中轨上方(看强),暂停买入/逢高减仓,1.0x,2.84,未知
512660,1.567,89.81,⚠️超买区,中轨上方(看强),暂停买入/逢高减仓,1.0x,2.84,未知
512810,0.904,90.04,⚠️超买区,中轨上方(看强),暂停买入/逢高减仓,1.0x,2.82,未知
508092,4.068,63.7,正常震荡,中轨上方(看强),常规网格,1.0x,2.8,未知
159583,1.37,90.86,⚠️超买区,中轨上方(看强),暂停买入/逢高减仓,1.0x,2.78,未知
515880,3.144,73.91,⚠️超买区,中轨上方(看强),暂停买入/逢高减仓,1.0x,2.75,未知
501096,1.187,62.73,正常震荡,中轨上方(看强),常规网格,1.0x,2.74,未知
589580,1.436,94.86,⚠️超买区,中轨上方(看强),暂停买入/逢高减仓,1.0x,2.74,未知
502023,1.909,78.83,⚠️超买区,中轨上方(看强),暂停买入/逢高减仓,1.0x,2.73,未知
501200,0.922,64.71,正常震荡,中轨上方(看强),常规网格,1.0x,2.71,未知
159599,2.255,89.83,⚠️超买区,中轨上方(看强),暂停买入/逢高减仓,1.0x,2.7,未知
159242,1.763,83.4,⚠️超买区,中轨上方(看强),暂停买入/逢高减仓,1.0x,2.7,未知
515050,2.332,75.07,⚠️超买区,中轨上方(看强),暂停买入/逢高减仓,1.0x,2.7,未知
517520,2.188,71.27,⚠️超买区,中轨上方(看强),暂停买入/逢高减仓,1.0x,2.68,未知
159363,1.045,82.0,⚠️超买区,中轨上方(看强),暂停买入/逢高减仓,1.0x,2.67,未知
501217,1.042,85.15,⚠️超买区,中轨上方(看强),暂停买入/逢高减仓,1.0x,2.67,未知
588810,1.834,89.02,⚠️超买区,中轨上方(看强),暂停买入/逢高减仓,1.0x,2.66,未知
159321,1.669,71.3,⚠️超买区,中轨上方(看强),暂停买入/逢高减仓,1.0x,2.65,未知
159994,1.901,75.19,⚠️超买区,中轨上方(看强),暂停买入/逢高减仓,1.0x,2.65,未知
588290,2.55,88.82,⚠️超买区,中轨上方(看强),暂停买入/逢高减仓,1.0x,2.64,未知
159967,0.637,60.42,正常震荡,中轨下方(看弱),常规网格,1.0x,2.64,未知
159388,2.138,80.65,⚠️超买区,中轨上方(看强),暂停买入/逢高减仓,1.0x,2.64,未知
588200,2.602,88.84,⚠️超买区,中轨上方(看强),暂停买入/逢高减仓,1.0x,2.64,未知
159533,1.92,94.09,⚠️超买区,中轨上方(看强),暂停买入/逢高减仓,1.0x,2.64,未知
563210,1.685,90.55,⚠️超买区,中轨上方(看强),暂停买入/逢高减仓,1.0x,2.64,未知
159315,1.788,72.05,⚠️超买区,中轨上方(看强),暂停买入/逢高减仓,1.0x,2.64,未知
588990,2.702,88.66,⚠️超买区,中轨上方(看强),暂停买入/逢高减仓,1.0x,2.63,未知
588890,2.926,89.71,⚠️超买区,中轨上方(看强),暂停买入/逢高减仓,1.0x,2.63,未知
562880,0.882,75.61,⚠️超买区,中轨上方(看强),暂停买入/逢高减仓,1.0x,2.63,未知
588750,1.736,91.55,⚠️超买区,中轨上方(看强),暂停买入/逢高减仓,1.0x,2.63,未知
561910,0.865,75.61,⚠️超买区,中轨上方(看强),暂停买入/逢高减仓,1.0x,2.62,未知
159796,1.012,76.8,⚠️超买区,中轨上方(看强),暂停买入/逢高减仓,1.0x,2.62,未知
561160,0.866,75.31,⚠️超买区,中轨上方(看强),暂停买入/逢高减仓,1.0x,2.62,未知
159382,2.233,83.44,⚠️超买区,中轨上方(看强),暂停买入/逢高减仓,1.0x,2.61,未知
159381,1.975,82.25,⚠️超买区,中轨上方(看强),暂停买入/逢高减仓,1.0x,2.6,未知
159279,1.19,84.42,⚠️超买区,中轨上方(看强),暂停买入/逢高减仓,1.0x,2.6,未知
159259,1.104,79.67,⚠️超买区,中轨上方(看强),暂停买入/逢高减仓,1.0x,2.6,未知
588920,1.671,88.82,⚠️超买区,中轨上方(看强),暂停买入/逢高减仓,1.0x,2.58,未知
588780,1.684,89.9,⚠️超买区,中轨上方(看强),暂停买入/逢高减仓,1.0x,2.58,未知
589100,1.67,89.63,⚠️超买区,中轨上方(看强),暂停买入/逢高减仓,1.0x,2.57,未知
501098,1.607,75.99,⚠️超买区,中轨上方(看强),暂停买入/逢高减仓,1.0x,2.56,未知
508097,2.921,75.62,⚠️超买区,中轨上方(看强),暂停买入/逢高减仓,1.0x,2.56,未知
517400,1.724,71.47,⚠️超买区,中轨上方(看强),暂停买入/逢高减仓,1.0x,2.56,未知
502003,1.854,91.19,⚠️超买区,中轨上方(看强),暂停买入/逢高减仓,1.0x,2.55,未知
159560,1.832,88.46,⚠️超买区,中轨上方(看强),暂停买入/逢高减仓,1.0x,2.55,未知
159322,1.778,72.85,⚠️超买区,中轨上方(看强),暂停买入/逢高减仓,1.0x,2.55,未知
501057,2.554,79.85,⚠️超买区,中轨上方(看强),暂停买入/逢高减仓,1.0x,2.54,未知
159811,2.324,75.72,⚠️超买区,中轨上方(看强),暂停买入/逢高减仓,1.0x,2.54,未知
159562,2.382,70.38,⚠️超买区,中轨上方(看强),暂停买入/逢高减仓,1.0x,2.52,未知
159270,1.232,98.64,⚠️超买区,中轨上方(看强),暂停买入/逢高减仓,1.0x,2.52,未知
516190,1.431,94.5,⚠️超买区,中轨上方(看强),暂停买入/逢高减仓,1.0x,2.51,未知
159527,2.322,93.73,⚠️超买区,中轨上方(看强),暂停买入/逢高减仓,1.0x,2.5,未知
588960,1.438,84.47,⚠️超买区,中轨上方(看强),暂停买入/逢高减仓,1.0x,2.5,未知
508005,4.141,61.22,正常震荡,中轨上方(看强),常规网格,1.0x,2.49,未知
501085,2.345,60.22,正常震荡,中轨上方(看强),常规网格,1.0x,2.49,未知
159507,2.14,88.98,⚠️超买区,中轨上方(看强),暂停买入/逢高减仓,1.0x,2.49,未知
588830,1.589,84.14,⚠️超买区,中轨上方(看强),暂停买入/逢高减仓,1.0x,2.49,未知
516640,1.17,88.78,⚠️超买区,中轨上方(看强),暂停买入/逢高减仓,1.0x,2.48,未知
159570,1.737,68.75,正常震荡,中轨上方(看强),常规网格,1.0x,2.48,未知
508077,2.929,68.14,正常震荡,中轨下方(看弱),常规网格,1.0x,2.48,未知
512980,1.166,96.54,⚠️超买区,中轨上方(看强),暂停买入/逢高减仓,1.0x,2.48,未知
159637,0.957,78.57,⚠️超买区,中轨上方(看强),暂停买入/逢高减仓,1.0x,2.47,未知
501031,0.58,75.36,⚠️超买区,中轨上方(看强),暂停买入/逢高减仓,1.0x,2.46,未知
159775,0.918,74.23,⚠️超买区,中轨上方(看强),暂停买入/逢高减仓,1.0x,2.46,未知
159712,1.286,52.13,正常震荡,中轨下方(看弱),常规网格,1.0x,2.46,未知
516660,1.179,78.05,⚠️超买区,中轨上方(看强),暂停买入/逢高减仓,1.0x,2.46,未知
516390,1.045,77.32,⚠️超买区,中轨上方(看强),暂停买入/逢高减仓,1.0x,2.45,未知
588070,1.87,90.28,⚠️超买区,中轨上方(看强),暂停买入/逢高减仓,1.0x,2.45,未知
508011,4.066,52.51,正常震荡,中轨上方(看强),常规网格,1.0x,2.45,未知
516920,1.138,89.62,⚠️超买区,中轨上方(看强),暂停买入/逢高减仓,1.0x,2.45,未知
159757,0.916,75.31,⚠️超买区,中轨上方(看强),暂停买入/逢高减仓,1.0x,2.45,未知
516350,1.317,89.09,⚠️超买区,中轨上方(看强),暂停买入/逢高减仓,1.0x,2.44,未知
159325,1.652,89.79,⚠️超买区,中轨上方(看强),暂停买入/逢高减仓,1.0x,2.44,未知
501026,1.551,67.81,正常震荡,中轨上方(看强),常规网格,1.0x,2.44,未知
515700,2.578,77.61,⚠️超买区,中轨上方(看强),暂停买入/逢高减仓,1.0x,2.44,未知
159851,0.887,76.4,⚠️超买区,中轨上方(看强),暂停买入/逢高减仓,1.0x,2.43,未知
159869,1.581,85.22,⚠️超买区,中轨上方(看强),暂停买入/逢高减仓,1.0x,2.43,未知
159755,1.105,75.66,⚠️超买区,中轨上方(看强),暂停买入/逢高减仓,1.0x,2.43,未知
515030,1.93,77.65,⚠️超买区,中轨上方(看强),暂停买入/逢高减仓,1.0x,2.43,未知
159840,0.886,75.16,⚠️超买区,中轨上方(看强),暂停买入/逢高减仓,1.0x,2.42,未知
589960,1.092,83.58,⚠️超买区,中轨上方(看强),暂停买入/逢高减仓,1.0x,2.42,未知
159728,1.051,87.31,⚠️超买区,中轨上方(看强),暂停买入/逢高减仓,1.0x,2.42,未知
501019,1.599,91.6,⚠️超买区,中轨上方(看强),暂停买入/逢高减仓,1.0x,2.42,未知
562330,1.255,68.75,正常震荡,中轨上方(看强),常规网格,1.0x,2.42,未知
159806,0.842,77.12,⚠️超买区,中轨上方(看强),暂停买入/逢高减仓,1.0x,2.42,未知
508007,7.236,66.97,正常震荡,中轨上方(看强),常规网格,1.0x,2.41,未知
159813,1.217,88.78,⚠️超买区,中轨上方(看强),暂停买入/逢高减仓,1.0x,2.41,未知
159767,0.898,75.0,⚠️超买区,中轨上方(看强),暂停买入/逢高减仓,1.0x,2.41,未知
516010,1.57,87.91,⚠️超买区,中轨上方(看强),暂停买入/逢高减仓,1.0x,2.41,未知
159944,1.582,85.03,⚠️超买区,中轨上方(看强),暂停买入/逢高减仓,1.0x,2.41,未知
512480,1.618,88.61,⚠️超买区,中轨上方(看强),暂停买入/逢高减仓,1.0x,2.4,未知
159546,1.996,87.58,⚠️超买区,中轨上方(看强),暂停买入/逢高减仓,1.0x,2.4,未知
508001,5.657,41.49,正常震荡,中轨下方(看弱),常规网格,1.0x,2.4,未知
561100,1.368,82.52,⚠️超买区,中轨上方(看强),暂停买入/逢高减仓,1.0x,2.4,未知
588790,0.877,95.71,⚠️超买区,中轨上方(看强),暂停买入/逢高减仓,1.0x,2.4,未知
159801,0.941,87.26,⚠️超买区,中轨上方(看强),暂停买入/逢高减仓,1.0x,2.4,未知
508078,2.942,52.48,正常震荡,中轨上方(看强),常规网格,1.0x,2.4,未知
159310,2.274,89.62,⚠️超买区,中轨上方(看强),暂停买入/逢高减仓,1.0x,2.4,未知
508026,4.2,45.11,正常震荡,中轨上方(看强),常规网格,1.0x,2.39,未知
159995,1.902,87.46,⚠️超买区,中轨上方(看强),暂停买入/逢高减仓,1.0x,2.39,未知
516770,1.639,86.7,⚠️超买区,中轨上方(看强),暂停买入/逢高减仓,1.0x,2.38,未知
589560,1.054,94.67,⚠️超买区,中轨上方(看强),暂停买入/逢高减仓,1.0x,2.38,未知
501005,1.066,70.2,⚠️超买区,中轨上方(看强),暂停买入/逢高减仓,1.0x,2.38,未知
159779,1.212,82.45,⚠️超买区,中轨上方(看强),暂停买入/逢高减仓,1.0x,2.38,未知
520700,1.674,69.08,正常震荡,中轨上方(看强),常规网格,1.0x,2.37,未知
512760,1.781,90.38,⚠️超买区,中轨上方(看强),暂停买入/逢高减仓,1.0x,2.37,未知
588010,0.957,98.8,⚠️超买区,中轨上方(看强),暂停买入/逢高减仓,1.0x,2.37,未知
512220,2.964,80.22,⚠️超买区,中轨上方(看强),暂停买入/逢高减仓,1.0x,2.37,未知
159217,1.407,67.9,正常震荡,中轨上方(看强),常规网格,1.0x,2.37,未知
159695,2.345,84.49,⚠️超买区,中轨上方(看强),暂停买入/逢高减仓,1.0x,2.37,未知
515720,0.969,78.88,⚠️超买区,中轨上方(看强),暂停买入/逢高减仓,1.0x,2.36,未知
159665,1.968,88.47,⚠️超买区,中轨上方(看强),暂停买入/逢高减仓,1.0x,2.36,未知
589010,1.549,95.6,⚠️超买区,中轨上方(看强),暂停买入/逢高减仓,1.0x,2.36,未知
588760,0.829,93.53,⚠️超买区,中轨上方(看强),暂停买入/逢高减仓,1.0x,2.36,未知
588020,2.173,90.42,⚠️超买区,中轨上方(看强),暂停买入/逢高减仓,1.0x,2.35,未知
589520,0.66,93.58,⚠️超买区,中轨上方(看强),暂停买入/逢高减仓,1.0x,2.35,未知
589110,1.012,95.6,⚠️超买区,中轨上方(看强),暂停买入/逢高减仓,1.0x,2.35,未知
516890,0.758,88.35,⚠️超买区,中轨上方(看强),暂停买入/逢高减仓,1.0x,2.35,未知
588720,1.484,89.3,⚠️超买区,中轨上方(看强),暂停买入/逢高减仓,1.0x,2.35,未知
159805,1.63,96.5,⚠️超买区,中轨上方(看强),暂停买入/逢高减仓,1.0x,2.35,未知
159387,1.693,78.84,⚠️超买区,中轨上方(看强),暂停买入/逢高减仓,1.0x,2.35,未知
588110,2.114,89.46,⚠️超买区,中轨上方(看强),暂停买入/逢高减仓,1.0x,2.35,未知
589720,1.004,79.89,⚠️超买区,中轨上方(看强),暂停买入/逢高减仓,1.0x,2.35,未知
513780,1.736,69.21,正常震荡,中轨上方(看强),常规网格,1.0x,2.35,未知
516100,1.457,76.05,⚠️超买区,中轨上方(看强),暂停买入/逢高减仓,1.0x,2.34,未知
159299,0.979,77.33,⚠️超买区,中轨上方(看强),暂停买入/逢高减仓,1.0x,2.33,未知
159506,1.483,69.9,正常震荡,中轨上方(看强),常规网格,1.0x,2.33,未知
501205,0.778,52.04,正常震荡,中轨下方(看弱),常规网格,1.0x,2.33,未知
159278,1.166,85.23,⚠️超买区,中轨上方(看强),暂停买入/逢高减仓,1.0x,2.33,未知
588100,2.141,92.42,⚠️超买区,中轨上方(看强),暂停买入/逢高减仓,1.0x,2.33,未知
588730,1.614,94.34,⚠️超买区,中轨上方(看强),暂停买入/逢高减仓,1.0x,2.33,未知
588930,1.71,94.22,⚠️超买区,中轨上方(看强),暂停买入/逢高减仓,1.0x,2.33,未知
588160,0.975,98.82,⚠️超买区,中轨上方(看强),暂停买入/逢高减仓,1.0x,2.33,未知
159559,1.48,86.05,⚠️超买区,中轨上方(看强),暂停买入/逢高减仓,1.0x,2.32,未知
159906,1.491,70.12,⚠️超买区,中轨上方(看强),暂停买入/逢高减仓,1.0x,2.32,未知
508069,6.405,51.86,正常震荡,中轨上方(看强),常规网格,1.0x,2.32,未知
562950,1.313,82.59,⚠️超买区,中轨上方(看强),暂停买入/逢高减仓,1.0x,2.32,未知
563670,0.96,78.31,⚠️超买区,中轨上方(看强),暂停买入/逢高减仓,1.0x,2.31,未知
513280,1.212,69.87,正常震荡,中轨上方(看强),常规网格,1.0x,2.31,未知
561600,1.271,83.78,⚠️超买区,中轨上方(看强),暂停买入/逢高减仓,1.0x,2.31,未知
159335,1.497,93.5,⚠️超买区,中轨上方(看强),暂停买入/逢高减仓,1.0x,2.31,未知
588260,2.104,91.59,⚠️超买区,中轨上方(看强),暂停买入/逢高减仓,1.0x,2.31,未知
159103,0.945,76.97,⚠️超买区,中轨上方(看强),暂停买入/逢高减仓,1.0x,2.31,未知
159539,1.622,93.49,⚠️超买区,中轨上方(看强),暂停买入/逢高减仓,1.0x,2.3,未知
159780,0.959,73.88,⚠️超买区,中轨上方(看强),暂停买入/逢高减仓,1.0x,2.3,未知
562820,2.47,87.35,⚠️超买区,中轨上方(看强),暂停买入/逢高减仓,1.0x,2.3,未知
508003,3.85,63.21,正常震荡,中轨上方(看强),常规网格,1.0x,2.29,未知
516860,1.511,76.75,⚠️超买区,中轨上方(看强),暂停买入/逢高减仓,1.0x,2.29,未知
159788,1.346,52.99,正常震荡,中轨下方(看弱),常规网格,1.0x,2.29,未知
589120,0.926,80.37,⚠️超买区,中轨上方(看强),暂停买入/逢高减仓,1.0x,2.29,未知
588240,1.579,92.11,⚠️超买区,中轨上方(看强),暂停买入/逢高减仓,1.0x,2.28,未知
520500,1.711,65.06,正常震荡,中轨上方(看强),常规网格,1.0x,2.28,未知
159256,1.116,86.7,⚠️超买区,中轨上方(看强),暂停买入/逢高减仓,1.0x,2.28,未知
159824,1.286,77.63,⚠️超买区,中轨上方(看强),暂停买入/逢高减仓,1.0x,2.28,未知
501008,1.041,71.17,⚠️超买区,中轨上方(看强),暂停买入/逢高减仓,1.0x,2.27,未知
517850,1.228,90.16,⚠️超买区,中轨上方(看强),暂停买入/逢高减仓,1.0x,2.27,未知
588460,1.743,86.87,⚠️超买区,中轨上方(看强),暂停买入/逢高减仓,1.0x,2.27,未知
159567,0.84,69.18,正常震荡,中轨上方(看强),常规网格,1.0x,2.27,未知
589700,1.818,95.88,⚠️超买区,中轨上方(看强),暂停买入/逢高减仓,1.0x,2.27,未知
588380,0.979,74.4,⚠️超买区,中轨上方(看强),暂停买入/逢高减仓,1.0x,2.26,未知
159297,0.874,69.08,正常震荡,中轨上方(看强),常规网格,1.0x,2.26,未知
159272,0.986,87.43,⚠️超买区,中轨上方(看强),暂停买入/逢高减仓,1.0x,2.26,未知
589380,1.545,95.9,⚠️超买区,中轨上方(看强),暂停买入/逢高减仓,1.0x,2.26,未知
159782,0.958,76.72,⚠️超买区,中轨上方(看强),暂停买入/逢高减仓,1.0x,2.26,未知
516520,1.375,82.04,⚠️超买区,中轨上方(看强),暂停买入/逢高减仓,1.0x,2.26,未知
159368,1.528,77.83,⚠️超买区,中轨上方(看强),暂停买入/逢高减仓,1.0x,2.25,未知
588230,1.725,91.51,⚠️超买区,中轨上方(看强),暂停买入/逢高减仓,1.0x,2.25,未知
520970,0.937,69.27,正常震荡,中轨上方(看强),常规网格,1.0x,2.25,未知
159537,1.633,94.74,⚠️超买区,中轨上方(看强),暂停买入/逢高减仓,1.0x,2.25,未知
159781,0.956,74.02,⚠️超买区,中轨上方(看强),暂停买入/逢高减仓,1.0x,2.25,未知
159248,1.586,91.94,⚠️超买区,中轨上方(看强),暂停买入/逢高减仓,1.0x,2.25,未知
588330,0.972,76.27,⚠️超买区,中轨上方(看强),暂停买入/逢高减仓,1.0x,2.25,未知
159530,1.649,86.05,⚠️超买区,中轨上方(看强),暂停买入/逢高减仓,1.0x,2.24,未知
515260,0.698,81.37,⚠️超买区,中轨上方(看强),暂停买入/逢高减仓,1.0x,2.24,未知
159667,1.698,95.15,⚠️超买区,中轨上方(看强),暂停买入/逢高减仓,1.0x,2.24,未知
513090,2.149,61.39,正常震荡,中轨上方(看强),常规网格,1.0x,2.24,未知
515550,1.79,95.85,⚠️超买区,中轨上方(看强),暂停买入/逢高减仓,1.0x,2.24,未知
159725,1.061,94.59,⚠️超买区,中轨上方(看强),暂停买入/逢高减仓,1.0x,2.24,未知
563570,1.036,80.35,⚠️超买区,中轨上方(看强),暂停买入/逢高减仓,1.0x,2.24,未知
159732,1.169,80.23,⚠️超买区,中轨上方(看强),暂停买入/逢高减仓,1.0x,2.23,未知
588500,2.212,97.7,⚠️超买区,中轨上方(看强),暂停买入/逢高减仓,1.0x,2.23,未知
159370,1.725,74.51,⚠️超买区,中轨上方(看强),暂停买入/逢高减仓,1.0x,2.23,未知
159783,0.962,76.27,⚠️超买区,中轨上方(看强),暂停买入/逢高减仓,1.0x,2.23,未知
520880,0.553,67.71,正常震荡,中轨上方(看强),常规网格,1.0x,2.23,未知
159306,1.541,83.45,⚠️超买区,中轨上方(看强),暂停买入/逢高减仓,1.0x,2.23,未知
159311,1.369,90.91,⚠️超买区,中轨上方(看强),暂停买入/逢高减仓,1.0x,2.22,未知
513120,1.353,70.04,⚠️超买区,中轨上方(看强),暂停买入/逢高减仓,1.0x,2.22,未知
588400,0.968,74.8,⚠️超买区,中轨上方(看强),暂停买入/逢高减仓,1.0x,2.22,未知
159738,2.014,83.19,⚠️超买区,中轨上方(看强),暂停买入/逢高减仓,1.0x,2.22,未知
561310,1.231,83.24,⚠️超买区,中轨上方(看强),暂停买入/逢高减仓,1.0x,2.22,未知
517770,1.343,88.48,⚠️超买区,中轨上方(看强),暂停买入/逢高减仓,1.0x,2.22,未知
159615,1.238,70.61,⚠️超买区,中轨上方(看强),暂停买入/逢高减仓,1.0x,2.22,未知
588300,0.988,74.8,⚠️超买区,中轨上方(看强),暂停买入/逢高减仓,1.0x,2.22,未知
159133,1.145,84.18,⚠️超买区,中轨上方(看强),暂停买入/逢高减仓,1.0x,2.21,未知
159892,0.863,70.06,⚠️超买区,中轨上方(看强),暂停买入/逢高减仓,1.0x,2.21,未知
589090,1.167,93.72,⚠️超买区,中轨上方(看强),暂停买入/逢高减仓,1.0x,2.21,未知
562010,1.02,82.35,⚠️超买区,中轨上方(看强),暂停买入/逢高减仓,1.0x,2.21,未知
159875,0.708,80.19,⚠️超买区,中轨上方(看强),暂停买入/逢高减仓,1.0x,2.21,未知
159312,1.246,51.53,正常震荡,中轨下方(看弱),常规网格,1.0x,2.21,未知
508015,6.773,63.21,正常震荡,中轨上方(看强),常规网格,1.0x,2.2,未知
159286,0.893,68.32,正常震荡,中轨上方(看强),常规网格,1.0x,2.2,未知
588770,1.532,91.74,⚠️超买区,中轨上方(看强),暂停买入/逢高减仓,1.0x,2.2,未知
510560,1.968,91.7,⚠️超买区,中轨上方(看强),暂停买入/逢高减仓,1.0x,2.19,未知
159566,2.167,69.49,正常震荡,中轨上方(看强),常规网格,1.0x,2.19,未知
159511,1.977,88.79,⚠️超买区,中轨上方(看强),暂停买入/逢高减仓,1.0x,2.19,未知
516090,0.586,80.0,⚠️超买区,中轨上方(看强),暂停买入/逢高减仓,1.0x,2.19,未知
588360,1.042,75.97,⚠️超买区,中轨上方(看强),暂停买入/逢高减仓,1.0x,2.19,未知
517380,0.815,75.97,⚠️超买区,中轨上方(看强),暂停买入/逢高减仓,1.0x,2.19,未知
159715,1.343,93.18,⚠️超买区,中轨上方(看强),暂停买入/逢高减仓,1.0x,2.19,未知
516050,1.103,79.26,⚠️超买区,中轨上方(看强),暂停买入/逢高减仓,1.0x,2.19,未知
513750,1.816,64.98,正常震荡,中轨上方(看强),常规网格,1.0x,2.19,未知
159372,1.74,74.62,⚠️超买区,中轨上方(看强),暂停买入/逢高减仓,1.0x,2.18,未知
562700,1.593,86.52,⚠️超买区,中轨上方(看强),暂停买入/逢高减仓,1.0x,2.18,未知
159318,1.388,54.36,正常震荡,中轨下方(看弱),常规网格,1.0x,2.18,未知
516020,0.907,83.65,⚠️超买区,中轨上方(看强),暂停买入/逢高减仓,1.0x,2.18,未知
515000,1.042,79.23,⚠️超买区,中轨上方(看强),暂停买入/逢高减仓,1.0x,2.18,未知
512770,2.176,76.22,⚠️超买区,中轨上方(看强),暂停买入/逢高减仓,1.0x,2.18,未知
588190,1.524,100.0,⚠️超买区,中轨上方(看强),暂停买入/逢高减仓,1.0x,2.18,未知
159731,0.946,86.26,⚠️超买区,中轨上方(看强),暂停买入/逢高减仓,1.0x,2.18,未知
159870,0.854,83.33,⚠️超买区,中轨上方(看强),暂停买入/逢高减仓,1.0x,2.18,未知
159305,1.915,69.26,正常震荡,中轨上方(看强),常规网格,1.0x,2.18,未知
501220,1.318,73.42,⚠️超买区,中轨上方(看强),暂停买入/逢高减仓,1.0x,2.18,未知
588660,1.618,74.11,⚠️超买区,中轨上方(看强),暂停买入/逢高减仓,1.0x,2.17,未知
516120,0.928,83.95,⚠️超买区,中轨上方(看强),暂停买入/逢高减仓,1.0x,2.16,未知
520690,0.9,68.39,正常震荡,中轨上方(看强),常规网格,1.0x,2.16,未知
159663,1.679,96.11,⚠️超买区,中轨上方(看强),暂停买入/逢高减仓,1.0x,2.16,未知
501097,1.645,72.48,⚠️超买区,中轨上方(看强),暂停买入/逢高减仓,1.0x,2.16,未知
159261,1.606,77.83,⚠️超买区,中轨上方(看强),暂停买入/逢高减仓,1.0x,2.16,未知
159997,1.73,84.77,⚠️超买区,中轨上方(看强),暂停买入/逢高减仓,1.0x,2.16,未知
159888,1.364,82.98,⚠️超买区,中轨上方(看强),暂停买入/逢高减仓,1.0x,2.16,未知
159105,1.015,70.0,正常震荡,中轨上方(看强),常规网格,1.0x,2.15,未知
159973,1.923,72.33,⚠️超买区,中轨上方(看强),暂停买入/逢高减仓,1.0x,2.15,未知
516150,2.033,93.18,⚠️超买区,中轨上方(看强),暂停买入/逢高减仓,1.0x,2.15,未知
159872,1.114,82.35,⚠️超买区,中轨上方(看强),暂停买入/逢高减仓,1.0x,2.15,未知
588350,1.487,76.63,⚠️超买区,中轨上方(看强),暂停买入/逢高减仓,1.0x,2.15,未知
159538,1.646,94.88,⚠️超买区,中轨上方(看强),暂停买入/逢高减仓,1.0x,2.15,未知
159713,1.468,93.71,⚠️超买区,中轨上方(看强),暂停买入/逢高减仓,1.0x,2.14,未知
159320,1.76,85.14,⚠️超买区,中轨上方(看强),暂停买入/逢高减仓,1.0x,2.14,未知
508039,4.999,53.84,正常震荡,中轨上方(看强),常规网格,1.0x,2.14,未知
588390,1.039,75.59,⚠️超买区,中轨上方(看强),暂停买入/逢高减仓,1.0x,2.14,未知
515250,1.237,83.57,⚠️超买区,中轨上方(看强),暂停买入/逢高减仓,1.0x,2.14,未知
588120,1.541,100.0,⚠️超买区,中轨上方(看强),暂停买入/逢高减仓,1.0x,2.14,未知
588270,1.596,94.14,⚠️超买区,中轨上方(看强),暂停买入/逢高减仓,1.0x,2.13,未知
588220,1.527,100.0,⚠️超买区,中轨上方(看强),暂停买入/逢高减仓,1.0x,2.13,未知
159130,1.012,70.16,⚠️超买区,中轨上方(看强),暂停买入/逢高减仓,1.0x,2.13,未知
588820,1.829,92.1,⚠️超买区,中轨上方(看强),暂停买入/逢高减仓,1.0x,2.13,未知
159540,1.717,94.04,⚠️超买区,中轨上方(看强),暂停买入/逢高减仓,1.0x,2.13,未知
159316,1.394,66.67,正常震荡,中轨上方(看强),常规网格,1.0x,2.13,未知
508002,3.132,92.04,⚠️超买区,中轨上方(看强),暂停买入/逢高减仓,1.0x,2.13,未知
512930,2.32,89.96,⚠️超买区,中轨上方(看强),暂停买入/逢高减仓,1.0x,2.13,未知
159565,1.721,89.4,⚠️超买区,中轨上方(看强),暂停买入/逢高减仓,1.0x,2.12,未知
516220,0.945,84.47,⚠️超买区,中轨上方(看强),暂停买入/逢高减仓,1.0x,2.12,未知
560980,0.756,85.42,⚠️超买区,中轨上方(看强),暂停买入/逢高减仓,1.0x,2.12,未知
516850,1.1,83.33,⚠️超买区,中轨上方(看强),暂停买入/逢高减仓,1.0x,2.12,未知
515320,1.274,81.22,⚠️超买区,中轨上方(看强),暂停买入/逢高减仓,1.0x,2.12,未知
159326,1.581,82.74,⚠️超买区,中轨上方(看强),暂停买入/逢高减仓,1.0x,2.12,未知
159603,1.482,75.4,⚠️超买区,中轨上方(看强),暂停买入/逢高减仓,1.0x,2.12,未知
159597,2.124,78.54,⚠️超买区,中轨上方(看强),暂停买入/逢高减仓,1.0x,2.12,未知
159107,0.999,88.6,⚠️超买区,中轨上方(看强),暂停买入/逢高减仓,1.0x,2.12,未知
589200,1.321,92.02,⚠️超买区,中轨上方(看强),暂停买入/逢高减仓,1.0x,2.12,未知
159795,1.165,84.62,⚠️超买区,中轨上方(看强),暂停买入/逢高减仓,1.0x,2.12,未知
159122,1.032,79.31,⚠️超买区,中轨上方(看强),暂停买入/逢高减仓,1.0x,2.12,未知
516780,1.967,92.99,⚠️超买区,中轨上方(看强),暂停买入/逢高减仓,1.0x,2.11,未知
515980,0.941,93.44,⚠️超买区,中轨上方(看强),暂停买入/逢高减仓,1.0x,2.11,未知
501099,2.589,64.25,正常震荡,中轨上方(看强),常规网格,1.0x,2.11,未知
588800,1.502,100.0,⚠️超买区,中轨上方(看强),暂停买入/逢高减仓,1.0x,2.11,未知
516160,2.999,82.13,⚠️超买区,中轨上方(看强),暂停买入/逢高减仓,1.0x,2.11,未知
588140,1.151,90.57,⚠️超买区,中轨上方(看强),暂停买入/逢高减仓,1.0x,2.11,未知
159909,1.112,70.81,⚠️超买区,中轨上方(看强),暂停买入/逢高减仓,1.0x,2.11,未知
159793,1.122,79.79,⚠️超买区,中轨上方(看强),暂停买入/逢高减仓,1.0x,2.11,未知
159814,0.68,70.27,⚠️超买区,中轨上方(看强),暂停买入/逢高减仓,1.0x,2.11,未知
159776,1.307,69.58,正常震荡,中轨上方(看强),常规网格,1.0x,2.11,未知
512330,1.597,96.05,⚠️超买区,中轨上方(看强),暂停买入/逢高减仓,1.0x,2.11,未知
588030,1.533,99.57,⚠️超买区,中轨上方(看强),暂停买入/逢高减仓,1.0x,2.1,未知
588940,1.516,88.84,⚠️超买区,中轨上方(看强),暂停买入/逢高减仓,1.0x,2.1,未知
159366,1.551,72.42,⚠️超买区,中轨上方(看强),暂停买入/逢高减仓,1.0x,2.1,未知
588280,1.067,91.1,⚠️超买区,中轨上方(看强),暂停买入/逢高减仓,1.0x,2.1,未知
588060,0.939,90.23,⚠️超买区,中轨上方(看强),暂停买入/逢高减仓,1.0x,2.1,未知
516580,0.7,80.58,⚠️超买区,中轨上方(看强),暂停买入/逢高减仓,1.0x,2.1,未知
159819,1.624,88.94,⚠️超买区,中轨上方(看强),暂停买入/逢高减仓,1.0x,2.1,未知
588150,1.039,91.61,⚠️超买区,中轨上方(看强),暂停买入/逢高减仓,1.0x,2.1,未知
588180,0.955,89.71,⚠️超买区,中轨上方(看强),暂停买入/逢高减仓,1.0x,2.1,未知
588870,1.503,92.08,⚠️超买区,中轨上方(看强),暂停买入/逢高减仓,1.0x,2.1,未知
588310,1.04,76.23,⚠️超买区,中轨上方(看强),暂停买入/逢高减仓,1.0x,2.09,未知
508084,4.242,65.57,正常震荡,中轨上方(看强),常规网格,1.0x,2.09,未知
159810,1.338,78.21,⚠️超买区,中轨上方(看强),暂停买入/逢高减仓,1.0x,2.09,未知
560690,2.098,93.57,⚠️超买区,中轨上方(看强),暂停买入/逢高减仓,1.0x,2.09,未知
588090,1.518,90.14,⚠️超买区,中轨上方(看强),暂停买入/逢高减仓,1.0x,2.09,未知
515200,2.249,84.81,⚠️超买区,中轨上方(看强),暂停买入/逢高减仓,1.0x,2.09,未知
513700,0.693,69.47,正常震荡,中轨上方(看强),常规网格,1.0x,2.09,未知
588950,1.523,93.1,⚠️超买区,中轨上方(看强),暂停买入/逢高减仓,1.0x,2.09,未知
515070,2.06,90.12,⚠️超买区,中轨上方(看强),暂停买入/逢高减仓,1.0x,2.09,未知
159557,1.653,69.48,正常震荡,中轨上方(看强),常规网格,1.0x,2.09,未知
513200,1.169,69.1,正常震荡,中轨上方(看强),常规网格,1.0x,2.09,未知
588370,1.553,92.61,⚠️超买区,中轨上方(看强),暂停买入/逢高减仓,1.0x,2.08,未知
159718,0.973,68.45,正常震荡,中轨上方(看强),常规网格,1.0x,2.08,未知
159864,0.665,81.44,⚠️超买区,中轨上方(看强),暂停买入/逢高减仓,1.0x,2.08,未知
588680,2.205,95.73,⚠️超买区,中轨上方(看强),暂停买入/逢高减仓,1.0x,2.08,未知
516620,1.166,89.77,⚠️超买区,中轨上方(看强),暂停买入/逢高减仓,1.0x,2.08,未知
560660,2.156,91.32,⚠️超买区,中轨上方(看强),暂停买入/逢高减仓,1.0x,2.08,未知
516290,0.633,82.56,⚠️超买区,中轨上方(看强),暂停买入/逢高减仓,1.0x,2.07,未知
159889,1.176,84.37,⚠️超买区,中轨上方(看强),暂停买入/逢高减仓,1.0x,2.07,未知
588050,1.518,90.28,⚠️超买区,中轨上方(看强),暂停买入/逢高减仓,1.0x,2.07,未知
159609,0.59,78.41,⚠️超买区,中轨上方(看强),暂停买入/逢高减仓,1.0x,2.07,未知
512070,0.948,58.86,正常震荡,中轨上方(看强),常规网格,1.0x,2.07,未知
516270,0.696,82.42,⚠️超买区,中轨上方(看强),暂停买入/逢高减仓,1.0x,2.06,未知
501095,0.85,66.67,正常震荡,中轨上方(看强),常规网格,1.0x,2.06,未知
159532,1.655,92.23,⚠️超买区,中轨上方(看强),暂停买入/逢高减仓,1.0x,2.06,未知
588000,1.554,90.09,⚠️超买区,中轨上方(看强),暂停买入/逢高减仓,1.0x,2.06,未知
516180,0.838,82.3,⚠️超买区,中轨上方(看强),暂停买入/逢高减仓,1.0x,2.06,未知
562970,1.16,81.21,⚠️超买区,中轨上方(看强),暂停买入/逢高减仓,1.0x,2.06,未知
159553,1.934,87.39,⚠️超买区,中轨上方(看强),暂停买入/逢高减仓,1.0x,2.05,未知
563010,2.052,89.96,⚠️超买区,中轨上方(看强),暂停买入/逢高减仓,1.0x,2.05,未知
561220,1.55,97.3,⚠️超买区,中轨上方(看强),暂停买入/逢高减仓,1.0x,2.05,未知
501303,1.121,60.74,正常震荡,中轨上方(看强),常规网格,1.0x,2.05,未知
588080,1.505,90.65,⚠️超买区,中轨上方(看强),暂停买入/逢高减仓,1.0x,2.05,未知
517120,0.737,73.28,⚠️超买区,中轨上方(看强),暂停买入/逢高减仓,1.0x,2.05,未知
159949,1.567,72.92,⚠️超买区,中轨上方(看强),暂停买入/逢高减仓,1.0x,2.05,未知
561380,1.751,86.02,⚠️超买区,中轨上方(看强),暂停买入/逢高减仓,1.0x,2.04,未知
588320,1.542,76.67,⚠️超买区,中轨上方(看强),暂停买入/逢高减仓,1.0x,2.04,未知
560800,1.068,91.67,⚠️超买区,中轨上方(看强),暂停买入/逢高减仓,1.0x,2.04,未知
517390,1.899,85.64,⚠️超买区,中轨上方(看强),暂停买入/逢高减仓,1.0x,2.04,未知
159129,1.112,84.29,⚠️超买区,中轨上方(看强),暂停买入/逢高减仓,1.0x,2.04,未知
510770,0.799,92.59,⚠️超买区,中轨上方(看强),暂停买入/逢高减仓,1.0x,2.04,未知
159748,0.822,75.0,⚠️超买区,中轨上方(看强),暂停买入/逢高减仓,1.0x,2.04,未知
588210,1.51,100.0,⚠️超买区,中轨上方(看强),暂停买入/逢高减仓,1.0x,2.04,未知
508089,4.879,45.6,正常震荡,中轨上方(看强),常规网格,1.0x,2.04,未知
159939,0.95,88.81,⚠️超买区,中轨上方(看强),暂停买入/逢高减仓,1.0x,2.03,未知
513060,0.654,69.11,正常震荡,中轨上方(看强),常规网格,1.0x,2.03,未知
159367,1.645,73.3,⚠️超买区,中轨上方(看强),暂停买入/逢高减仓,1.0x,2.03,未知
515790,1.018,80.69,⚠️超买区,中轨上方(看强),暂停买入/逢高减仓,1.0x,2.03,未知
159752,0.714,81.91,⚠️超买区,中轨上方(看强),暂停买入/逢高减仓,1.0x,2.03,未知
561790,1.3,85.05,⚠️超买区,中轨上方(看强),暂停买入/逢高减仓,1.0x,2.02,未知
588900,1.546,100.0,⚠️超买区,中轨上方(看强),暂停买入/逢高减仓,1.0x,2.02,未知
159303,1.814,69.59,正常震荡,中轨上方(看强),常规网格,1.0x,2.02,未知
560360,1.666,87.32,⚠️超买区,中轨上方(看强),暂停买入/逢高减仓,1.0x,2.02,未知
589850,1.407,93.55,⚠️超买区,中轨上方(看强),暂停买入/逢高减仓,1.0x,2.02,未知
512870,1.482,78.6,⚠️超买区,中轨上方(看强),暂停买入/逢高减仓,1.0x,2.02,未知
508068,4.095,55.39,正常震荡,中轨上方(看强),常规网格,1.0x,2.02,未知
515370,0.966,82.54,⚠️超买区,中轨上方(看强),暂停买入/逢高减仓,1.0x,2.02,未知
159102,0.89,70.06,⚠️超买区,中轨上方(看强),暂停买入/逢高减仓,1.0x,2.02,未知
159682,1.52,72.83,⚠️超买区,中轨上方(看强),暂停买入/逢高减仓,1.0x,2.02,未知
562560,1.966,87.68,⚠️超买区,中轨上方(看强),暂停买入/逢高减仓,1.0x,2.02,未知
159857,0.865,81.3,⚠️超买区,中轨上方(看强),暂停买入/逢高减仓,1.0x,2.02,未知
560300,2.181,89.31,⚠️超买区,中轨上方(看强),暂停买入/逢高减仓,1.0x,2.01,未知
508098,3.752,76.83,⚠️超买区,中轨上方(看强),暂停买入/逢高减仓,1.0x,2.01,未知
510550,2.044,100.0,⚠️超买区,中轨上方(看强),暂停买入/逢高减仓,1.0x,2.01,未知
516880,0.857,82.3,⚠️超买区,中轨上方(看强),暂停买入/逢高减仓,1.0x,2.01,未知
159711,1.384,53.89,正常震荡,中轨下方(看弱),常规网格,1.0x,2.0,未知
159373,1.668,72.25,⚠️超买区,中轨上方(看强),暂停买入/逢高减仓,1.0x,2.0,未知
561010,1.254,82.02,⚠️超买区,中轨上方(看强),暂停买入/逢高减仓,1.0x,2.0,未知
561360,1.285,81.76,⚠️超买区,中轨上方(看强),暂停买入/逢高减仓,1.0x,2.0,未知
588850,1.466,99.5,⚠️超买区,中轨上方(看强),暂停买入/逢高减仓,1.0x,2.0,未知
589950,1.123,99.42,⚠️超买区,中轨上方(看强),暂停买入/逢高减仓,1.0x,1.99,未知
588450,1.916,96.68,⚠️超买区,中轨上方(看强),暂停买入/逢高减仓,1.0x,1.99,未知
159991,0.775,68.09,正常震荡,中轨上方(看强),常规网格,1.0x,1.99,未知
560170,1.14,94.09,⚠️超买区,中轨上方(看强),暂停买入/逢高减仓,1.0x,1.99,未知
588880,1.489,100.0,⚠️超买区,中轨上方(看强),暂停买入/逢高减仓,1.0x,1.99,未知
159807,0.757,84.88,⚠️超买区,中轨上方(看强),暂停买入/逢高减仓,1.0x,1.99,未知
516800,0.85,90.16,⚠️超买区,中轨上方(看强),暂停买入/逢高减仓,1.0x,1.99,未知
159766,0.811,64.66,正常震荡,中轨上方(看强),常规网格,1.0x,1.99,未知
159855,1.043,88.82,⚠️超买区,中轨上方(看强),暂停买入/逢高减仓,1.0x,1.98,未知
159703,0.879,82.86,⚠️超买区,中轨上方(看强),暂停买入/逢高减仓,1.0x,1.98,未知
159681,1.536,72.73,⚠️超买区,中轨上方(看强),暂停买入/逢高减仓,1.0x,1.98,未知
588040,1.51,89.95,⚠️超买区,中轨上方(看强),暂停买入/逢高减仓,1.0x,1.98,未知
560630,1.172,87.96,⚠️超买区,中轨上方(看强),暂停买入/逢高减仓,1.0x,1.98,未知
159618,0.804,79.46,⚠️超买区,中轨上方(看强),暂停买入/逢高减仓,1.0x,1.98,未知
562380,1.178,91.92,⚠️超买区,中轨上方(看强),暂停买入/逢高减仓,1.0x,1.98,未知
159786,1.194,87.65,⚠️超买区,中轨上方(看强),暂停买入/逢高减仓,1.0x,1.98,未知
159777,1.184,80.71,⚠️超买区,中轨上方(看强),暂停买入/逢高减仓,1.0x,1.98,未知
159863,0.673,82.02,⚠️超买区,中轨上方(看强),暂停买入/逢高减仓,1.0x,1.97,未知
562030,0.571,93.24,⚠️超买区,中轨上方(看强),暂停买入/逢高减仓,1.0x,1.97,未知
508096,10.197,38.52,正常震荡,中轨下方(看弱),常规网格,1.0x,1.97,未知
159707,0.639,68.04,正常震荡,中轨上方(看强),常规网格,1.0x,1.97,未知
159123,1.068,81.08,⚠️超买区,中轨上方(看强),暂停买入/逢高减仓,1.0x,1.97,未知
562510,0.821,64.75,正常震荡,中轨上方(看强),常规网格,1.0x,1.97,未知
520510,1.012,72.36,⚠️超买区,中轨上方(看强),暂停买入/逢高减仓,1.0x,1.97,未知
159258,1.192,86.47,⚠️超买区,中轨上方(看强),暂停买入/逢高减仓,1.0x,1.96,未知
159551,1.372,87.28,⚠️超买区,中轨上方(看强),暂停买入/逢高减仓,1.0x,1.96,未知
588550,1.184,93.05,⚠️超买区,中轨上方(看强),暂停买入/逢高减仓,1.0x,1.96,未知
562920,1.099,90.44,⚠️超买区,中轨上方(看强),暂停买入/逢高减仓,1.0x,1.96,未知
508036,8.73,38.84,正常震荡,中轨下方(看弱),常规网格,1.0x,1.96,未知
589980,1.564,99.58,⚠️超买区,中轨上方(看强),暂停买入/逢高减仓,1.0x,1.96,未知
562360,1.147,87.17,⚠️超买区,中轨上方(看强),暂停买入/逢高减仓,1.0x,1.96,未知
513290,1.548,59.01,正常震荡,中轨下方(看弱),常规网格,1.0x,1.96,未知
588840,1.362,92.86,⚠️超买区,中轨上方(看强),暂停买入/逢高减仓,1.0x,1.95,未知
560590,1.567,95.09,⚠️超买区,中轨上方(看强),暂停买入/逢高减仓,1.0x,1.95,未知
516570,1.024,86.43,⚠️超买区,中轨上方(看强),暂停买入/逢高减仓,1.0x,1.95,未知
159385,1.554,98.6,⚠️超买区,中轨上方(看强),暂停买入/逢高减仓,1.0x,1.95,未知
159761,0.77,87.85,⚠️超买区,中轨上方(看强),暂停买入/逢高减仓,1.0x,1.95,未知
588250,1.231,81.12,⚠️超买区,中轨上方(看强),暂停买入/逢高减仓,1.0x,1.95,未知
501058,2.515,78.55,⚠️超买区,中轨上方(看强),暂停买入/逢高减仓,1.0x,1.95,未知
515230,0.973,85.63,⚠️超买区,中轨上方(看强),暂停买入/逢高减仓,1.0x,1.95,未知
159298,1.15,68.84,正常震荡,中轨上方(看强),常规网格,1.0x,1.95,未知
589780,1.16,91.75,⚠️超买区,中轨上方(看强),暂停买入/逢高减仓,1.0x,1.94,未知
159768,0.573,68.24,正常震荡,中轨上方(看强),常规网格,1.0x,1.94,未知
159526,1.553,88.49,⚠️超买区,中轨上方(看强),暂停买入/逢高减仓,1.0x,1.94,未知
159770,1.098,86.89,⚠️超买区,中轨上方(看强),暂停买入/逢高减仓,1.0x,1.94,未知
501021,1.526,74.57,⚠️超买区,中轨上方(看强),暂停买入/逢高减仓,1.0x,1.94,未知
510170,1.339,86.83,⚠️超买区,中轨上方(看强),暂停买入/逢高减仓,1.0x,1.94,未知
501080,1.577,87.97,⚠️超买区,中轨上方(看强),暂停买入/逢高减仓,1.0x,1.94,未知
517110,0.781,74.38,⚠️超买区,中轨上方(看强),暂停买入/逢高减仓,1.0x,1.93,未知
562500,1.064,88.44,⚠️超买区,中轨上方(看强),暂停买入/逢高减仓,1.0x,1.93,未知
159658,1.646,91.82,⚠️超买区,中轨上方(看强),暂停买入/逢高减仓,1.0x,1.93,未知
516380,1.053,76.82,⚠️超买区,中轨上方(看强),暂停买入/逢高减仓,1.0x,1.92,未知
501046,4.37,69.74,正常震荡,中轨上方(看强),常规网格,1.0x,1.92,未知
159369,1.328,73.12,⚠️超买区,中轨上方(看强),暂停买入/逢高减仓,1.0x,1.92,未知
560770,1.046,88.62,⚠️超买区,中轨上方(看强),暂停买入/逢高减仓,1.0x,1.92,未知
159213,1.277,87.56,⚠️超买区,中轨上方(看强),暂停买入/逢高减仓,1.0x,1.92,未知
159389,1.547,97.71,⚠️超买区,中轨上方(看强),暂停买入/逢高减仓,1.0x,1.91,未知
515860,1.751,80.39,⚠️超买区,中轨上方(看强),暂停买入/逢高减仓,1.0x,1.91,未知
516630,1.792,93.7,⚠️超买区,中轨上方(看强),暂停买入/逢高减仓,1.0x,1.91,未知
159375,1.738,73.43,⚠️超买区,中轨上方(看强),暂停买入/逢高减仓,1.0x,1.91,未知
159899,0.975,86.06,⚠️超买区,中轨上方(看强),暂停买入/逢高减仓,1.0x,1.91,未知
560850,1.523,93.4,⚠️超买区,中轨上方(看强),暂停买入/逢高减仓,1.0x,1.91,未知
159309,1.205,79.37,⚠️超买区,中轨上方(看强),暂停买入/逢高减仓,1.0x,1.91,未知
508090,4.233,65.65,正常震荡,中轨上方(看强),常规网格,1.0x,1.91,未知
517160,0.945,79.55,⚠️超买区,中轨上方(看强),暂停买入/逢高减仓,1.0x,1.9,未知
588980,1.379,99.05,⚠️超买区,中轨上方(看强),暂停买入/逢高减仓,1.0x,1.9,未知
589300,1.568,93.97,⚠️超买区,中轨上方(看强),暂停买入/逢高减仓,1.0x,1.9,未知
588860,0.786,80.88,⚠️超买区,中轨上方(看强),暂停买入/逢高减仓,1.0x,1.9,未知
516360,1.003,86.3,⚠️超买区,中轨上方(看强),暂停买入/逢高减仓,1.0x,1.9,未知
159773,1.254,81.29,⚠️超买区,中轨上方(看强),暂停买入/逢高减仓,1.0x,1.9,未知
508058,4.311,58.65,正常震荡,中轨上方(看强),常规网格,1.0x,1.89,未知
159739,1.754,94.17,⚠️超买区,中轨上方(看强),暂停买入/逢高减仓,1.0x,1.89,未知
510410,1.953,85.63,⚠️超买区,中轨上方(看强),暂停买入/逢高减仓,1.0x,1.89,未知
516510,1.843,93.73,⚠️超买区,中轨上方(看强),暂停买入/逢高减仓,1.0x,1.89,未知
159273,1.415,81.29,⚠️超买区,中轨上方(看强),暂停买入/逢高减仓,1.0x,1.89,未知
159289,1.107,90.18,⚠️超买区,中轨上方(看强),暂停买入/逢高减仓,1.0x,1.88,未知
159852,0.946,86.84,⚠️超买区,中轨上方(看强),暂停买入/逢高减仓,1.0x,1.88,未知
501007,1.082,78.47,⚠️超买区,中轨上方(看强),暂停买入/逢高减仓,1.0x,1.88,未知
588670,1.582,97.4,⚠️超买区,中轨上方(看强),暂停买入/逢高减仓,1.0x,1.88,未知
589820,1.206,91.08,⚠️超买区,中轨上方(看强),暂停买入/逢高减仓,1.0x,1.88,未知
159971,1.155,75.35,⚠️超买区,中轨上方(看强),暂停买入/逢高减仓,1.0x,1.88,未知
159720,0.876,75.61,⚠️超买区,中轨上方(看强),暂停买入/逢高减仓,1.0x,1.88,未知
589660,1.446,96.62,⚠️超买区,中轨上方(看强),暂停买入/逢高减仓,1.0x,1.88,未知
159918,2.588,96.99,⚠️超买区,中轨上方(看强),暂停买入/逢高减仓,1.0x,1.88,未知
562570,1.507,91.4,⚠️超买区,中轨上方(看强),暂停买入/逢高减仓,1.0x,1.87,未知
159586,1.451,85.43,⚠️超买区,中轨上方(看强),暂停买入/逢高减仓,1.0x,1.87,未知
159383,1.629,71.84,⚠️超买区,中轨上方(看强),暂停买入/逢高减仓,1.0x,1.87,未知
501216,0.907,70.97,⚠️超买区,中轨上方(看强),暂停买入/逢高减仓,1.0x,1.87,未知
589800,1.436,95.61,⚠️超买区,中轨上方(看强),暂停买入/逢高减仓,1.0x,1.87,未知
515630,1.487,59.07,正常震荡,中轨上方(看强),常规网格,1.0x,1.86,未知
562660,1.803,87.5,⚠️超买区,中轨上方(看强),暂停买入/逢高减仓,1.0x,1.86,未知
159590,1.238,85.45,⚠️超买区,中轨上方(看强),暂停买入/逢高减仓,1.0x,1.86,未知
563050,1.206,94.82,⚠️超买区,中轨上方(看强),暂停买入/逢高减仓,1.0x,1.86,未知
159371,1.627,73.37,⚠️超买区,中轨上方(看强),暂停买入/逢高减仓,1.0x,1.86,未知
501015,2.294,88.33,⚠️超买区,中轨上方(看强),暂停买入/逢高减仓,1.0x,1.85,未知
588520,1.392,97.83,⚠️超买区,中轨上方(看强),暂停买入/逢高减仓,1.0x,1.85,未知
159622,1.162,74.71,⚠️超买区,中轨上方(看强),暂停买入/逢高减仓,1.0x,1.85,未知
159763,0.707,85.58,⚠️超买区,中轨上方(看强),暂停买入/逢高减仓,1.0x,1.85,未知
589680,1.418,96.89,⚠️超买区,中轨上方(看强),暂停买入/逢高减仓,1.0x,1.85,未知
159260,0.973,58.46,正常震荡,中轨上方(看强),常规网格,1.0x,1.85,未知
589060,1.502,96.23,⚠️超买区,中轨上方(看强),暂停买入/逢高减仓,1.0x,1.84,未知
589900,1.439,97.01,⚠️超买区,中轨上方(看强),暂停买入/逢高减仓,1.0x,1.84,未知
159808,1.277,75.93,⚠️超买区,中轨上方(看强),暂停买入/逢高减仓,1.0x,1.84,未知
159890,1.865,95.26,⚠️超买区,中轨上方(看强),暂停买入/逢高减仓,1.0x,1.83,未知
563150,1.156,83.33,⚠️超买区,中轨上方(看强),暂停买入/逢高减仓,1.0x,1.83,未知
516590,1.334,76.92,⚠️超买区,中轨上方(看强),暂停买入/逢高减仓,1.0x,1.83,未知
159980,2.086,78.08,⚠️超买区,中轨上方(看强),暂停买入/逢高减仓,1.0x,1.83,未知
589000,1.44,97.03,⚠️超买区,中轨上方(看强),暂停买入/逢高减仓,1.0x,1.83,未知
159952,2.017,77.82,⚠️超买区,中轨上方(看强),暂停买入/逢高减仓,1.0x,1.83,未知
562930,0.97,86.71,⚠️超买区,中轨上方(看强),暂停买入/逢高减仓,1.0x,1.83,未知
159956,2.102,83.84,⚠️超买区,中轨上方(看强),暂停买入/逢高减仓,1.0x,1.82,未知
159993,1.334,59.22,正常震荡,中轨上方(看强),常规网格,1.0x,1.82,未知
159977,1.728,78.46,⚠️超买区,中轨上方(看强),暂停买入/逢高减仓,1.0x,1.82,未知
159675,1.368,75.16,⚠️超买区,中轨上方(看强),暂停买入/逢高减仓,1.0x,1.82,未知
159709,1.483,83.24,⚠️超买区,中轨上方(看强),暂停买入/逢高减仓,1.0x,1.81,未知
516730,1.116,58.86,正常震荡,中轨上方(看强),常规网格,1.0x,1.81,未知
589500,1.448,94.63,⚠️超买区,中轨上方(看强),暂停买入/逢高减仓,1.0x,1.81,未知
159957,2.181,78.21,⚠️超买区,中轨上方(看强),暂停买入/逢高减仓,1.0x,1.81,未知
562600,0.927,72.03,⚠️超买区,中轨上方(看强),暂停买入/逢高减仓,1.0x,1.81,未知
515400,1.036,94.87,⚠️超买区,中轨上方(看强),暂停买入/逢高减仓,1.0x,1.81,未知
516710,0.726,90.53,⚠️超买区,中轨上方(看强),暂停买入/逢高减仓,1.0x,1.81,未知
501082,2.811,71.17,⚠️超买区,中轨上方(看强),暂停买入/逢高减仓,1.0x,1.81,未知
516700,1.087,96.77,⚠️超买区,中轨上方(看强),暂停买入/逢高减仓,1.0x,1.81,未知
159948,3.669,77.6,⚠️超买区,中轨上方(看强),暂停买入/逢高减仓,1.0x,1.8,未知
589630,1.462,95.61,⚠️超买区,中轨上方(看强),暂停买入/逢高减仓,1.0x,1.8,未知
159676,1.481,78.29,⚠️超买区,中轨上方(看强),暂停买入/逢高减仓,1.0x,1.8,未知
159915,3.314,77.89,⚠️超买区,中轨上方(看强),暂停买入/逢高减仓,1.0x,1.8,未知
516000,1.125,94.83,⚠️超买区,中轨上方(看强),暂停买入/逢高减仓,1.0x,1.8,未知
508088,3.887,77.72,⚠️超买区,中轨上方(看强),暂停买入/逢高减仓,1.0x,1.8,未知
159998,1.082,89.61,⚠️超买区,中轨上方(看强),暂停买入/逢高减仓,1.0x,1.8,未知
159677,1.479,96.79,⚠️超买区,中轨上方(看强),暂停买入/逢高减仓,1.0x,1.8,未知
588700,1.175,82.26,⚠️超买区,中轨上方(看强),暂停买入/逢高减仓,1.0x,1.8,未知
159697,1.212,75.78,⚠️超买区,中轨上方(看强),暂停买入/逢高减仓,1.0x,1.79,未知
159205,1.619,77.89,⚠️超买区,中轨上方(看强),暂停买入/逢高减仓,1.0x,1.79,未知
159743,1.31,88.78,⚠️超买区,中轨上方(看强),暂停买入/逢高减仓,1.0x,1.79,未知
512720,1.293,91.28,⚠️超买区,中轨上方(看强),暂停买入/逢高减仓,1.0x,1.79,未知
159131,0.949,75.54,⚠️超买区,中轨上方(看强),暂停买入/逢高减仓,1.0x,1.79,未知
588910,1.422,95.43,⚠️超买区,中轨上方(看强),暂停买入/逢高减仓,1.0x,1.79,未知
520940,1.064,55.92,正常震荡,中轨上方(看强),常规网格,1.0x,1.79,未知
589770,1.444,96.98,⚠️超买区,中轨上方(看强),暂停买入/逢高减仓,1.0x,1.78,未知
513990,1.218,58.62,正常震荡,中轨上方(看强),常规网格,1.0x,1.78,未知
159572,1.595,96.68,⚠️超买区,中轨上方(看强),暂停买入/逢高减仓,1.0x,1.78,未知
159908,3.086,76.44,⚠️超买区,中轨上方(看强),暂停买入/逢高减仓,1.0x,1.78,未知
508082,4.377,58.65,正常震荡,中轨上方(看强),常规网格,1.0x,1.77,未知
515060,0.75,83.16,⚠️超买区,中轨上方(看强),暂停买入/逢高减仓,1.0x,1.77,未知
517800,1.121,83.44,⚠️超买区,中轨上方(看强),暂停买入/逢高减仓,1.0x,1.77,未知
159692,1.365,58.7,正常震荡,中轨上方(看强),常规网格,1.0x,1.77,未知
589880,1.432,94.2,⚠️超买区,中轨上方(看强),暂停买入/逢高减仓,1.0x,1.77,未知
516260,1.292,87.34,⚠️超买区,中轨上方(看强),暂停买入/逢高减仓,1.0x,1.77,未知
159896,1.207,83.44,⚠️超买区,中轨上方(看强),暂停买入/逢高减仓,1.0x,1.77,未知
512000,0.591,59.04,正常震荡,中轨上方(看强),常规网格,1.0x,1.77,未知
159945,1.22,73.45,⚠️超买区,中轨上方(看强),暂停买入/逢高减仓,1.0x,1.77,未知
515750,1.95,96.3,⚠️超买区,中轨上方(看强),暂停买入/逢高减仓,1.0x,1.76,未知
512580,1.324,82.27,⚠️超买区,中轨上方(看强),暂停买入/逢高减仓,1.0x,1.76,未知
589080,1.434,96.48,⚠️超买区,中轨上方(看强),暂停买入/逢高减仓,1.0x,1.76,未知
159636,0.678,61.34,正常震荡,中轨上方(看强),常规网格,1.0x,1.76,未知
560280,1.668,77.25,⚠️超买区,中轨上方(看强),暂停买入/逢高减仓,1.0x,1.75,未知
588130,1.21,80.4,⚠️超买区,中轨上方(看强),暂停买入/逢高减仓,1.0x,1.75,未知
501078,2.401,67.37,正常震荡,中轨上方(看强),常规网格,1.0x,1.75,未知
159108,1.09,93.12,⚠️超买区,中轨上方(看强),暂停买入/逢高减仓,1.0x,1.75,未知
159778,1.138,88.15,⚠️超买区,中轨上方(看强),暂停买入/逢高减仓,1.0x,1.75,未知
560550,1.088,80.56,⚠️超买区,中轨上方(看强),暂停买入/逢高减仓,1.0x,1.75,未知
512200,1.574,81.95,⚠️超买区,中轨上方(看强),暂停买入/逢高减仓,1.0x,1.75,未知
520600,1.242,63.84,正常震荡,中轨上方(看强),常规网格,1.0x,1.74,未知
512570,1.24,58.29,正常震荡,中轨上方(看强),常规网格,1.0x,1.74,未知
159958,2.009,78.3,⚠️超买区,中轨上方(看强),暂停买入/逢高减仓,1.0x,1.74,未知
510020,4.076,84.71,⚠️超买区,中轨上方(看强),暂停买入/逢高减仓,1.0x,1.74,未知
159210,1.018,63.04,正常震荡,中轨上方(看强),常规网格,1.0x,1.74,未知
588690,1.146,97.87,⚠️超买区,中轨上方(看强),暂停买入/逢高减仓,1.0x,1.74,未知
561370,1.473,86.32,⚠️超买区,中轨上方(看强),暂停买入/逢高减仓,1.0x,1.74,未知
159790,0.796,79.55,⚠️超买区,中轨上方(看强),暂停买入/逢高减仓,1.0x,1.73,未知
515010,1.416,58.54,正常震荡,中轨上方(看强),常规网格,1.0x,1.73,未知
501081,2.876,80.56,⚠️超买区,中轨上方(看强),暂停买入/逢高减仓,1.0x,1.73,未知
159323,1.28,61.66,正常震荡,中轨上方(看强),常规网格,1.0x,1.73,未知
508018,5.517,69.05,正常震荡,中轨上方(看强),常规网格,1.0x,1.73,未知
515920,1.205,86.57,⚠️超买区,中轨上方(看强),暂停买入/逢高减仓,1.0x,1.73,未知
515850,1.527,59.22,正常震荡,中轨上方(看强),常规网格,1.0x,1.73,未知
589860,1.426,97.92,⚠️超买区,中轨上方(看强),暂停买入/逢高减仓,1.0x,1.73,未知
589600,1.42,96.91,⚠️超买区,中轨上方(看强),暂停买入/逢高减仓,1.0x,1.72,未知
159588,1.142,73.24,⚠️超买区,中轨上方(看强),暂停买入/逢高减仓,1.0x,1.72,未知
159828,0.465,75.71,⚠️超买区,中轨上方(看强),暂停买入/逢高减仓,1.0x,1.72,未知
159729,0.958,76.8,⚠️超买区,中轨上方(看强),暂停买入/逢高减仓,1.0x,1.72,未知
516200,1.181,58.64,正常震荡,中轨上方(看强),常规网格,1.0x,1.72,未知
501188,1.025,72.35,⚠️超买区,中轨上方(看强),暂停买入/逢高减仓,1.0x,1.72,未知
159842,1.174,58.9,正常震荡,中轨上方(看强),常规网格,1.0x,1.72,未知
159531,1.486,92.18,⚠️超买区,中轨上方(看强),暂停买入/逢高减仓,1.0x,1.71,未知
561280,1.649,94.55,⚠️超买区,中轨上方(看强),暂停买入/逢高减仓,1.0x,1.71,未知
159613,1.039,92.19,⚠️超买区,中轨上方(看强),暂停买入/逢高减仓,1.0x,1.71,未知
512170,0.375,75.44,⚠️超买区,中轨上方(看强),暂停买入/逢高减仓,1.0x,1.71,未知
159898,0.585,72.22,⚠️超买区,中轨上方(看强),暂停买入/逢高减仓,1.0x,1.71,未知
501076,1.938,85.45,⚠️超买区,中轨上方(看强),暂停买入/逢高减仓,1.0x,1.71,未知
159886,1.061,78.4,⚠️超买区,中轨上方(看强),暂停买入/逢高减仓,1.0x,1.71,未知
508066,5.677,48.36,正常震荡,中轨下方(看弱),常规网格,1.0x,1.71,未知
516070,0.642,80.56,⚠️超买区,中轨上方(看强),暂停买入/逢高减仓,1.0x,1.7,未知
560060,1.058,81.34,⚠️超买区,中轨上方(看强),暂停买入/逢高减仓,1.0x,1.7,未知
512880,1.237,58.56,正常震荡,中轨上方(看强),常规网格,1.0x,1.7,未知
508000,2.634,63.88,正常震荡,中轨上方(看强),常规网格,1.0x,1.7,未知
501079,3.174,82.17,⚠️超买区,中轨上方(看强),暂停买入/逢高减仓,1.0x,1.7,未知
589890,1.424,97.41,⚠️超买区,中轨上方(看强),暂停买入/逢高减仓,1.0x,1.7,未知
589990,1.468,97.51,⚠️超买区,中轨上方(看强),暂停买入/逢高减仓,1.0x,1.7,未知
159804,1.595,89.1,⚠️超买区,中轨上方(看强),暂停买入/逢高减仓,1.0x,1.69,未知
159237,1.059,62.42,正常震荡,中轨上方(看强),常规网格,1.0x,1.69,未知
159505,1.581,97.34,⚠️超买区,中轨上方(看强),暂停买入/逢高减仓,1.0x,1.69,未知
560000,0.898,75.0,⚠️超买区,中轨上方(看强),暂停买入/逢高减仓,1.0x,1.69,未知
508080,3.791,69.28,正常震荡,中轨上方(看强),常规网格,1.0x,1.69,未知
512900,1.222,58.72,正常震荡,中轨上方(看强),常规网格,1.0x,1.69,未知
513160,1.238,64.91,正常震荡,中轨上方(看强),常规网格,1.0x,1.69,未知
520720,0.915,62.02,正常震荡,中轨上方(看强),常规网格,1.0x,1.69,未知
560090,1.327,58.92,正常震荡,中轨上方(看强),常规网格,1.0x,1.69,未知
159573,1.596,93.55,⚠️超买区,中轨上方(看强),暂停买入/逢高减仓,1.0x,1.69,未知
517990,0.965,71.87,⚠️超买区,中轨上方(看强),暂停买入/逢高减仓,1.0x,1.69,未知
508087,11.363,33.53,正常震荡,中轨下方(看弱),常规网格,1.0x,1.68,未知
506002,1.574,92.89,⚠️超买区,中轨上方(看强),暂停买入/逢高减仓,1.0x,1.68,未知
515190,1.678,97.13,⚠️超买区,中轨上方(看强),暂停买入/逢高减仓,1.0x,1.68,未知
530280,1.258,79.44,⚠️超买区,中轨上方(看强),暂停买入/逢高减仓,1.0x,1.68,未知
159556,1.287,88.97,⚠️超买区,中轨上方(看强),暂停买入/逢高减仓,1.0x,1.68,未知
159895,1.297,84.8,⚠️超买区,中轨上方(看强),暂停买入/逢高减仓,1.0x,1.68,未知
159701,1.197,82.72,⚠️超买区,中轨上方(看强),暂停买入/逢高减仓,1.0x,1.68,未知
562870,1.04,59.31,正常震荡,中轨上方(看强),常规网格,1.0x,1.68,未知
589050,1.262,93.51,⚠️超买区,中轨上方(看强),暂停买入/逢高减仓,1.0x,1.67,未知
516060,0.618,74.67,⚠️超买区,中轨上方(看强),暂停买入/逢高减仓,1.0x,1.67,未知
159841,1.121,59.09,正常震荡,中轨上方(看强),常规网格,1.0x,1.67,未知
562580,1.299,72.41,⚠️超买区,中轨上方(看强),暂停买入/逢高减仓,1.0x,1.67,未知
515120,0.671,75.64,⚠️超买区,中轨上方(看强),暂停买入/逢高减仓,1.0x,1.67,未知
508060,4.509,71.27,⚠️超买区,中轨上方(看强),暂停买入/逢高减仓,1.0x,1.67,未知
159964,2.165,79.5,⚠️超买区,中轨上方(看强),暂停买入/逢高减仓,1.0x,1.67,未知
159883,0.534,71.43,⚠️超买区,中轨上方(看强),暂停买入/逢高减仓,1.0x,1.67,未知
159150,1.543,68.38,正常震荡,中轨上方(看强),常规网格,1.0x,1.67,未知
159656,1.168,76.07,⚠️超买区,中轨上方(看强),暂停买入/逢高减仓,1.0x,1.67,未知
561760,1.16,81.2,⚠️超买区,中轨上方(看强),暂停买入/逢高减仓,1.0x,1.67,未知
159239,1.004,62.02,正常震荡,中轨下方(看弱),常规网格,1.0x,1.67,未知
159500,1.183,97.42,⚠️超买区,中轨上方(看强),暂停买入/逢高减仓,1.0x,1.66,未知
159523,1.288,79.46,⚠️超买区,中轨上方(看强),暂停买入/逢高减仓,1.0x,1.66,未知
159262,1.093,62.57,正常震荡,中轨上方(看强),常规网格,1.0x,1.66,未知
501301,1.362,53.4,正常震荡,中轨下方(看弱),常规网格,1.0x,1.66,未知
159502,1.306,58.49,正常震荡,中轨下方(看弱),常规网格,1.0x,1.66,未知
516980,1.222,62.86,正常震荡,中轨上方(看强),常规网格,1.0x,1.66,未知
159639,1.086,82.84,⚠️超买区,中轨上方(看强),暂停买入/逢高减仓,1.0x,1.65,未知
159891,0.47,72.6,⚠️超买区,中轨上方(看强),暂停买入/逢高减仓,1.0x,1.65,未知
159861,1.21,85.44,⚠️超买区,中轨上方(看强),暂停买入/逢高减仓,1.0x,1.65,未知
159885,0.82,79.78,⚠️超买区,中轨上方(看强),暂停买入/逢高减仓,1.0x,1.65,未知
159290,1.096,98.23,⚠️超买区,中轨上方(看强),暂停买入/逢高减仓,1.0x,1.65,未知
508019,1.911,77.95,⚠️超买区,中轨上方(看强),暂停买入/逢高减仓,1.0x,1.65,未知
513900,1.089,56.55,正常震荡,中轨上方(看强),常规网格,1.0x,1.65,未知
159280,0.961,59.51,正常震荡,中轨上方(看强),常规网格,1.0x,1.65,未知
513980,0.741,64.29,正常震荡,中轨上方(看强),常规网格,1.0x,1.64,未知
159836,1.252,83.22,⚠️超买区,中轨上方(看强),暂停买入/逢高减仓,1.0x,1.64,未知
515210,1.489,89.47,⚠️超买区,中轨上方(看强),暂停买入/逢高减仓,1.0x,1.64,未知
517200,0.813,75.68,⚠️超买区,中轨上方(看强),暂停买入/逢高减仓,1.0x,1.64,未知
562990,1.089,81.38,⚠️超买区,中轨上方(看强),暂停买入/逢高减仓,1.0x,1.64,未知
520980,1.129,65.0,正常震荡,中轨上方(看强),常规网格,1.0x,1.64,未知
520570,0.948,64.71,正常震荡,中轨上方(看强),常规网格,1.0x,1.64,未知
516330,1.493,79.61,⚠️超买区,中轨上方(看强),暂停买入/逢高减仓,1.0x,1.64,未知
515560,1.132,58.94,正常震荡,中轨上方(看强),常规网格,1.0x,1.64,未知
506000,1.091,93.29,⚠️超买区,中轨上方(看强),暂停买入/逢高减仓,1.0x,1.64,未知
513770,0.541,61.36,正常震荡,中轨上方(看强),常规网格,1.0x,1.64,未知
512190,2.658,84.13,⚠️超买区,中轨上方(看强),暂停买入/逢高减仓,1.0x,1.63,未知
501210,1.069,73.46,⚠️超买区,中轨上方(看强),暂停买入/逢高减仓,1.0x,1.63,未知
560120,1.274,83.33,⚠️超买区,中轨上方(看强),暂停买入/逢高减仓,1.0x,1.63,未知
520920,0.886,65.22,正常震荡,中轨上方(看强),常规网格,1.0x,1.63,未知
159377,1.212,75.0,⚠️超买区,中轨上方(看强),暂停买入/逢高减仓,1.0x,1.62,未知
510200,1.32,57.14,正常震荡,中轨上方(看强),常规网格,1.0x,1.62,未知
159542,1.471,77.65,⚠️超买区,中轨上方(看强),暂停买入/逢高减仓,1.0x,1.62,未知
159641,1.138,80.79,⚠️超买区,中轨上方(看强),暂停买入/逢高减仓,1.0x,1.62,未知
159848,0.981,58.46,正常震荡,中轨上方(看强),常规网格,1.0x,1.62,未知
159821,1.245,74.32,⚠️超买区,中轨上方(看强),暂停买入/逢高减仓,1.0x,1.62,未知
561190,1.094,81.69,⚠️超买区,中轨上方(看强),暂停买入/逢高减仓,1.0x,1.62,未知
159797,0.82,71.76,⚠️超买区,中轨上方(看强),暂停买入/逢高减仓,1.0x,1.61,未知
563300,1.453,92.49,⚠️超买区,中轨上方(看强),暂停买入/逢高减仓,1.0x,1.61,未知
515580,1.342,89.76,⚠️超买区,中轨上方(看强),暂停买入/逢高减仓,1.0x,1.61,未知
562910,0.932,92.44,⚠️超买区,中轨上方(看强),暂停买入/逢高减仓,1.0x,1.61,未知
516080,0.707,75.9,⚠️超买区,中轨上方(看强),暂停买入/逢高减仓,1.0x,1.61,未知
159792,0.884,60.51,正常震荡,中轨上方(看强),常规网格,1.0x,1.61,未知
513860,0.742,64.66,正常震荡,中轨上方(看强),常规网格,1.0x,1.6,未知
159121,0.951,61.74,正常震荡,中轨下方(看弱),常规网格,1.0x,1.6,未知
159240,1.288,77.17,⚠️超买区,中轨上方(看强),暂停买入/逢高减仓,1.0x,1.6,未知
159847,0.439,75.0,⚠️超买区,中轨上方(看强),暂停买入/逢高减仓,1.0x,1.6,未知
508085,3.727,61.67,正常震荡,中轨上方(看强),常规网格,1.0x,1.6,未知
159992,0.897,74.77,⚠️超买区,中轨上方(看强),暂停买入/逢高减仓,1.0x,1.6,未知
501310,1.365,60.12,正常震荡,中轨上方(看强),常规网格,1.0x,1.6,未知
501073,1.656,55.21,正常震荡,中轨下方(看弱),常规网格,1.0x,1.6,未知
513580,0.757,65.85,正常震荡,中轨上方(看强),常规网格,1.0x,1.6,未知
560260,0.936,73.94,⚠️超买区,中轨上方(看强),暂停买入/逢高减仓,1.0x,1.59,未知
563200,1.599,90.26,⚠️超买区,中轨上方(看强),暂停买入/逢高减仓,1.0x,1.59,未知
159642,1.076,81.2,⚠️超买区,中轨上方(看强),暂停买入/逢高减仓,1.0x,1.59,未知
516320,1.072,91.73,⚠️超买区,中轨上方(看强),暂停买入/逢高减仓,1.0x,1.59,未知
159859,0.414,75.0,⚠️超买区,中轨上方(看强),暂停买入/逢高减仓,1.0x,1.59,未知
517350,0.939,70.83,⚠️超买区,中轨上方(看强),暂停买入/逢高减仓,1.0x,1.58,未知
520860,0.959,64.44,正常震荡,中轨上方(看强),常规网格,1.0x,1.58,未知
159858,0.712,77.11,⚠️超买区,中轨上方(看强),暂停买入/逢高减仓,1.0x,1.58,未知
516960,1.023,76.0,⚠️超买区,中轨上方(看强),暂停买入/逢高减仓,1.0x,1.58,未知
159120,0.946,64.89,正常震荡,中轨上方(看强),常规网格,1.0x,1.57,未知
513040,1.442,60.98,正常震荡,中轨上方(看强),常规网格,1.0x,1.57,未知
512970,1.553,72.34,⚠️超买区,中轨上方(看强),暂停买入/逢高减仓,1.0x,1.57,未知
501064,2.769,74.28,⚠️超买区,中轨上方(看强),暂停买入/逢高减仓,1.0x,1.57,未知
159623,1.049,79.73,⚠️超买区,中轨上方(看强),暂停买入/逢高减仓,1.0x,1.57,未知
159287,1.141,90.35,⚠️超买区,中轨上方(看强),暂停买入/逢高减仓,1.0x,1.56,未知
516110,1.452,72.73,⚠️超买区,中轨上方(看强),暂停买入/逢高减仓,1.0x,1.56,未知
159835,0.698,75.0,⚠️超买区,中轨上方(看强),暂停买入/逢高减仓,1.0x,1.56,未知
560900,0.969,75.0,⚠️超买区,中轨上方(看强),暂停买入/逢高减仓,1.0x,1.56,未知
159587,1.375,80.92,⚠️超买区,中轨上方(看强),暂停买入/逢高减仓,1.0x,1.56,未知
510510,2.572,97.23,⚠️超买区,中轨上方(看强),暂停买入/逢高减仓,1.0x,1.56,未知
562520,1.432,94.38,⚠️超买区,中轨上方(看强),暂停买入/逢高减仓,1.0x,1.56,未知
560110,1.206,95.8,⚠️超买区,中轨上方(看强),暂停买入/逢高减仓,1.0x,1.56,未知
159839,0.385,75.51,⚠️超买区,中轨上方(看强),暂停买入/逢高减仓,1.0x,1.55,未知
508012,3.081,76.75,⚠️超买区,中轨上方(看强),暂停买入/逢高减仓,1.0x,1.55,未知
512290,1.081,75.91,⚠️超买区,中轨上方(看强),暂停买入/逢高减仓,1.0x,1.55,未知
159849,0.553,78.26,⚠️超买区,中轨上方(看强),暂停买入/逢高减仓,1.0x,1.55,未知
501001,1.497,48.24,正常震荡,中轨下方(看弱),常规网格,1.0x,1.55,未知
159837,0.536,79.1,⚠️超买区,中轨上方(看强),暂停买入/逢高减仓,1.0x,1.55,未知
159563,1.85,91.19,⚠️超买区,中轨上方(看强),暂停买入/逢高减仓,1.0x,1.54,未知
159640,1.075,80.56,⚠️超买区,中轨上方(看强),暂停买入/逢高减仓,1.0x,1.54,未知
510580,4.167,97.0,⚠️超买区,中轨上方(看强),暂停买入/逢高减仓,1.0x,1.54,未知
159856,0.802,75.68,⚠️超买区,中轨上方(看强),暂停买入/逢高减仓,1.0x,1.54,未知
159610,1.182,93.94,⚠️超买区,中轨上方(看强),暂停买入/逢高减仓,1.0x,1.54,未知
159269,1.039,64.63,正常震荡,中轨上方(看强),常规网格,1.0x,1.54,未知
520670,0.981,63.64,正常震荡,中轨上方(看强),常规网格,1.0x,1.54,未知
159873,0.628,75.0,⚠️超买区,中轨上方(看强),暂停买入/逢高减仓,1.0x,1.53,未知
159126,0.975,56.64,正常震荡,中轨上方(看强),常规网格,1.0x,1.53,未知
506005,1.301,95.93,⚠️超买区,中轨上方(看强),暂停买入/逢高减仓,1.0x,1.53,未知
560950,1.411,86.03,⚠️超买区,中轨上方(看强),暂停买入/逢高减仓,1.0x,1.53,未知
512510,2.357,97.05,⚠️超买区,中轨上方(看强),暂停买入/逢高减仓,1.0x,1.53,未知
501075,2.546,76.64,⚠️超买区,中轨上方(看强),暂停买入/逢高减仓,1.0x,1.53,未知
560820,1.221,68.69,正常震荡,中轨上方(看强),常规网格,1.0x,1.53,未知
159723,1.091,67.14,正常震荡,中轨上方(看强),常规网格,1.0x,1.53,未知
512010,0.403,70.83,⚠️超买区,中轨上方(看强),暂停买入/逢高减仓,1.0x,1.53,未知
159628,1.44,91.62,⚠️超买区,中轨上方(看强),暂停买入/逢高减仓,1.0x,1.53,未知
513020,1.154,66.26,正常震荡,中轨上方(看强),常规网格,1.0x,1.52,未知
508009,6.803,51.5,正常震荡,中轨上方(看强),常规网格,1.0x,1.52,未知
561550,1.358,87.5,⚠️超买区,中轨上方(看强),暂停买入/逢高减仓,1.0x,1.52,未知
159745,0.676,77.05,⚠️超买区,中轨上方(看强),暂停买入/逢高减仓,1.0x,1.52,未知
159820,1.376,96.17,⚠️超买区,中轨上方(看强),暂停买入/逢高减仓,1.0x,1.52,未知
510290,2.616,92.51,⚠️超买区,中轨上方(看强),暂停买入/逢高减仓,1.0x,1.52,未知
512500,4.513,97.05,⚠️超买区,中轨上方(看强),暂停买入/逢高减仓,1.0x,1.52,未知
159865,0.64,59.62,正常震荡,中轨上方(看强),常规网格,1.0x,1.52,未知
159966,0.61,86.15,⚠️超买区,中轨上方(看强),暂停买入/逢高减仓,1.0x,1.52,未知
159680,1.639,96.37,⚠️超买区,中轨上方(看强),暂停买入/逢高减仓,1.0x,1.51,未知
159922,3.24,96.87,⚠️超买区,中轨上方(看强),暂停买入/逢高减仓,1.0x,1.51,未知
516500,0.682,79.31,⚠️超买区,中轨上方(看强),暂停买入/逢高减仓,1.0x,1.51,未知
560990,1.162,82.95,⚠️超买区,中轨上方(看强),暂停买入/逢高减仓,1.0x,1.51,未知
513320,1.337,59.59,正常震荡,中轨上方(看强),常规网格,1.0x,1.51,未知
560560,0.771,74.75,⚠️超买区,中轨上方(看强),暂停买入/逢高减仓,1.0x,1.51,未知
159751,1.067,64.74,正常震荡,中轨上方(看强),常规网格,1.0x,1.51,未知
159288,1.059,88.33,⚠️超买区,中轨上方(看强),暂停买入/逢高减仓,1.0x,1.5,未知
563090,1.29,70.7,⚠️超买区,中轨上方(看强),暂停买入/逢高减仓,1.0x,1.5,未知
159106,1.065,94.62,⚠️超买区,中轨上方(看强),暂停买入/逢高减仓,1.0x,1.5,未知
515220,1.096,68.47,正常震荡,中轨上方(看强),常规网格,1.0x,1.5,未知
159678,1.5,92.02,⚠️超买区,中轨上方(看强),暂停买入/逢高减仓,1.0x,1.5,未知
513150,1.168,66.23,正常震荡,中轨上方(看强),常规网格,1.0x,1.5,未知
501030,0.598,78.57,⚠️超买区,中轨上方(看强),暂停买入/逢高减仓,1.0x,1.5,未知
159838,0.607,73.33,⚠️超买区,中轨上方(看强),暂停买入/逢高减仓,1.0x,1.5,未知
562300,0.773,77.91,⚠️超买区,中轨上方(看强),暂停买入/逢高减仓,1.0x,1.5,未知
502010,1.413,56.73,正常震荡,中轨上方(看强),常规网格,1.0x,1.5,未知
520650,0.916,63.08,正常震荡,中轨上方(看强),常规网格,1.0x,1.5,未知
508021,4.598,68.87,正常震荡,中轨上方(看强),常规网格,1.0x,1.5,未知
159128,0.938,61.48,正常震荡,中轨上方(看强),常规网格,1.0x,1.49,未知
159350,1.519,67.18,正常震荡,中轨上方(看强),常规网格,1.0x,1.49,未知
506003,0.961,91.18,⚠️超买区,中轨上方(看强),暂停买入/逢高减仓,1.0x,1.49,未知
159337,1.813,95.88,⚠️超买区,中轨上方(看强),暂停买入/逢高减仓,1.0x,1.49,未知
501213,0.997,64.29,正常震荡,中轨上方(看强),常规网格,1.0x,1.49,未知
513890,1.137,63.64,正常震荡,中轨上方(看强),常规网格,1.0x,1.49,未知
506008,0.981,94.44,⚠️超买区,中轨上方(看强),暂停买入/逢高减仓,1.0x,1.49,未知
560500,1.278,86.99,⚠️超买区,中轨上方(看强),暂停买入/逢高减仓,1.0x,1.49,未知
159552,2.133,88.1,⚠️超买区,中轨上方(看强),暂停买入/逢高减仓,1.0x,1.49,未知
516610,0.52,71.43,⚠️超买区,中轨上方(看强),暂停买入/逢高减仓,1.0x,1.49,未知
159550,1.102,75.86,⚠️超买区,中轨上方(看强),暂停买入/逢高减仓,1.0x,1.48,未知
159543,1.454,92.35,⚠️超买区,中轨上方(看强),暂停买入/逢高减仓,1.0x,1.48,未知
508033,6.279,59.19,正常震荡,中轨上方(看强),常规网格,1.0x,1.48,未知
513010,0.77,63.93,正常震荡,中轨上方(看强),常规网格,1.0x,1.48,未知
159536,1.498,90.91,⚠️超买区,中轨上方(看强),暂停买入/逢高减仓,1.0x,1.48,未知
159877,0.623,71.43,⚠️超买区,中轨上方(看强),暂停买入/逢高减仓,1.0x,1.48,未知
159688,1.08,62.37,正常震荡,中轨上方(看强),常规网格,1.0x,1.48,未知
561350,1.271,96.3,⚠️超买区,中轨上方(看强),暂停买入/逢高减仓,1.0x,1.48,未知
159295,1.049,85.25,⚠️超买区,中轨上方(看强),暂停买入/逢高减仓,1.0x,1.48,未知
563750,1.11,97.83,⚠️超买区,中轨上方(看强),暂停买入/逢高减仓,1.0x,1.47,未知
560010,3.356,95.99,⚠️超买区,中轨上方(看强),暂停买入/逢高减仓,1.0x,1.47,未知
159982,2.106,96.23,⚠️超买区,中轨上方(看强),暂停买入/逢高减仓,1.0x,1.47,未知
513380,0.683,65.42,正常震荡,中轨上方(看强),常规网格,1.0x,1.47,未知
159101,0.956,62.79,正常震荡,中轨上方(看强),常规网格,1.0x,1.47,未知
159845,3.365,95.52,⚠️超买区,中轨上方(看强),暂停买入/逢高减仓,1.0x,1.47,未知
560100,1.332,96.05,⚠️超买区,中轨上方(看强),暂停买入/逢高减仓,1.0x,1.47,未知
510500,8.216,96.98,⚠️超买区,中轨上方(看强),暂停买入/逢高减仓,1.0x,1.47,未知
159203,1.371,73.53,⚠️超买区,中轨上方(看强),暂停买入/逢高减仓,1.0x,1.47,未知
512100,3.305,97.59,⚠️超买区,中轨上方(看强),暂停买入/逢高减仓,1.0x,1.47,未知
501010,1.31,77.4,⚠️超买区,中轨上方(看强),暂停买入/逢高减仓,1.0x,1.46,未知
501311,1.159,60.26,正常震荡,中轨上方(看强),常规网格,1.0x,1.46,未知
159902,4.606,92.4,⚠️超买区,中轨上方(看强),暂停买入/逢高减仓,1.0x,1.46,未知
159931,2.02,56.1,正常震荡,中轨上方(看强),常规网格,1.0x,1.46,未知
159968,10.248,98.12,⚠️超买区,中轨上方(看强),暂停买入/逢高减仓,1.0x,1.46,未知
159629,3.343,96.61,⚠️超买区,中轨上方(看强),暂停买入/逢高减仓,1.0x,1.45,未知
516790,0.629,77.11,⚠️超买区,中轨上方(看强),暂停买入/逢高减仓,1.0x,1.45,未知
515090,1.391,67.42,正常震荡,中轨上方(看强),常规网格,1.0x,1.45,未知
159125,0.921,62.2,正常震荡,中轨上方(看强),常规网格,1.0x,1.45,未知
508056,3.26,67.6,正常震荡,中轨上方(看强),常规网格,1.0x,1.45,未知
513220,1.294,61.83,正常震荡,中轨上方(看强),常规网格,1.0x,1.45,未知
561500,0.849,73.53,⚠️超买区,中轨上方(看强),暂停买入/逢高减仓,1.0x,1.45,未知
159291,1.13,93.4,⚠️超买区,中轨上方(看强),暂停买入/逢高减仓,1.0x,1.45,未知
501009,1.343,77.3,⚠️超买区,中轨上方(看强),暂停买入/逢高减仓,1.0x,1.44,未知
508031,3.872,67.23,正常震荡,中轨上方(看强),常规网格,1.0x,1.44,未知
159912,1.929,82.99,⚠️超买区,中轨上方(看强),暂停买入/逢高减仓,1.0x,1.44,未知
516300,3.371,94.33,⚠️超买区,中轨上方(看强),暂停买入/逢高减仓,1.0x,1.44,未知
510590,8.593,96.68,⚠️超买区,中轨上方(看强),暂停买入/逢高减仓,1.0x,1.44,未知
516760,0.685,62.26,正常震荡,中轨上方(看强),常规网格,1.0x,1.44,未知
517050,0.904,73.64,⚠️超买区,中轨上方(看强),暂停买入/逢高减仓,1.0x,1.44,未知
159867,0.65,59.62,正常震荡,中轨上方(看强),常规网格,1.0x,1.44,未知
516670,0.713,60.78,正常震荡,中轨上方(看强),常规网格,1.0x,1.44,未知
513180,0.755,64.71,正常震荡,中轨上方(看强),常规网格,1.0x,1.44,未知
501208,1.223,83.11,⚠️超买区,中轨上方(看强),暂停买入/逢高减仓,1.0x,1.44,未知
517000,1.044,68.04,正常震荡,中轨上方(看强),常规网格,1.0x,1.43,未知
159555,1.715,88.17,⚠️超买区,中轨上方(看强),暂停买入/逢高减仓,1.0x,1.43,未知
159742,0.76,63.56,正常震荡,中轨上方(看强),常规网格,1.0x,1.43,未知
513330,0.535,63.53,正常震荡,中轨上方(看强),常规网格,1.0x,1.43,未知
159903,1.719,86.81,⚠️超买区,中轨上方(看强),暂停买入/逢高减仓,1.0x,1.43,未知
563030,1.433,94.08,⚠️超买区,中轨上方(看强),暂停买入/逢高减仓,1.0x,1.43,未知
516720,1.127,69.89,正常震荡,中轨上方(看强),常规网格,1.0x,1.43,未知
563630,1.27,80.17,⚠️超买区,中轨上方(看强),暂停买入/逢高减仓,1.0x,1.43,未知
501016,1.338,57.59,正常震荡,中轨上方(看强),常规网格,1.0x,1.43,未知
513560,1.366,65.93,正常震荡,中轨上方(看强),常规网格,1.0x,1.43,未知
159541,1.597,92.64,⚠️超买区,中轨上方(看强),暂停买入/逢高减仓,1.0x,1.43,未知
159741,0.74,64.1,正常震荡,中轨上方(看强),常规网格,1.0x,1.42,未知
159901,3.529,70.18,⚠️超买区,中轨上方(看强),暂停买入/逢高减仓,1.0x,1.42,未知
516820,0.38,72.22,⚠️超买区,中轨上方(看强),暂停买入/逢高减仓,1.0x,1.42,未知
520840,0.967,64.75,正常震荡,中轨上方(看强),常规网格,1.0x,1.42,未知
159907,1.094,95.97,⚠️超买区,中轨上方(看强),暂停买入/逢高减仓,1.0x,1.42,未知
159930,1.5,71.9,⚠️超买区,中轨上方(看强),暂停买入/逢高减仓,1.0x,1.42,未知
512120,0.482,75.51,⚠️超买区,中轨上方(看强),暂停买入/逢高减仓,1.0x,1.42,未知
515910,0.671,68.66,正常震荡,中轨上方(看强),常规网格,1.0x,1.42,未知
501037,1.515,96.45,⚠️超买区,中轨上方(看强),暂停买入/逢高减仓,1.0x,1.42,未知
159620,1.263,88.82,⚠️超买区,中轨上方(看强),暂停买入/逢高减仓,1.0x,1.42,未知
562310,1.046,77.23,⚠️超买区,中轨上方(看强),暂停买入/逢高减仓,1.0x,1.41,未知
513260,1.439,63.71,正常震荡,中轨上方(看强),常规网格,1.0x,1.41,未知
159633,3.418,93.57,⚠️超买区,中轨上方(看强),暂停买入/逢高减仓,1.0x,1.41,未知
159750,1.049,63.69,正常震荡,中轨上方(看强),常规网格,1.0x,1.41,未知
516750,0.737,78.33,⚠️超买区,中轨上方(看强),暂停买入/逢高减仓,1.0x,1.41,未知
159943,1.538,85.28,⚠️超买区,中轨上方(看强),暂停买入/逢高减仓,1.0x,1.41,未知
159568,1.725,61.42,正常震荡,中轨上方(看强),常规网格,1.0x,1.4,未知
517360,1.089,68.7,正常震荡,中轨上方(看强),常规网格,1.0x,1.4,未知
159740,0.739,65.09,正常震荡,中轨上方(看强),常规网格,1.0x,1.4,未知
510010,1.842,74.05,⚠️超买区,中轨上方(看强),暂停买入/逢高减仓,1.0x,1.4,未知
159251,0.987,60.87,正常震荡,中轨上方(看强),常规网格,1.0x,1.4,未知
501302,1.226,57.14,正常震荡,中轨上方(看强),常规网格,1.0x,1.4,未知
159679,1.366,97.4,⚠️超买区,中轨上方(看强),暂停买入/逢高减仓,1.0x,1.39,未知
159202,1.141,62.83,正常震荡,中轨上方(看强),常规网格,1.0x,1.39,未知
513130,0.74,65.18,正常震荡,中轨上方(看强),常规网格,1.0x,1.39,未知
159825,0.849,66.3,正常震荡,中轨上方(看强),常规网格,1.0x,1.39,未知
159212,1.422,68.18,正常震荡,中轨上方(看强),常规网格,1.0x,1.39,未知
508055,3.55,66.53,正常震荡,中轨上方(看强),常规网格,1.0x,1.39,未知
561570,1.191,80.0,⚠️超买区,中轨上方(看强),暂停买入/逢高减仓,1.0x,1.38,未知
501083,1.936,79.11,⚠️超买区,中轨上方(看强),暂停买入/逢高减仓,1.0x,1.38,未知
159698,1.073,80.36,⚠️超买区,中轨上方(看强),暂停买入/逢高减仓,1.0x,1.38,未知
561590,1.463,93.98,⚠️超买区,中轨上方(看强),暂停买入/逢高减仓,1.0x,1.38,未知
159970,1.01,65.45,正常震荡,中轨上方(看强),常规网格,1.0x,1.38,未知
515950,0.982,72.22,⚠️超买区,中轨上方(看强),暂停买入/逢高减仓,1.0x,1.37,未知
562850,1.307,85.32,⚠️超买区,中轨上方(看强),暂停买入/逢高减仓,1.0x,1.37,未知
159706,0.91,61.18,正常震荡,中轨上方(看强),常规网格,1.0x,1.37,未知
513190,1.785,57.69,正常震荡,中轨上方(看强),常规网格,1.0x,1.37,未知
159616,0.907,68.7,正常震荡,中轨上方(看强),常规网格,1.0x,1.37,未知
560050,1.079,72.63,⚠️超买区,中轨上方(看强),暂停买入/逢高减仓,1.0x,1.37,未知
159508,0.857,76.47,⚠️超买区,中轨上方(看强),暂停买入/逢高减仓,1.0x,1.37,未知
562000,0.609,79.25,⚠️超买区,中轨上方(看强),暂停买入/逢高减仓,1.0x,1.36,未知
159328,1.171,79.13,⚠️超买区,中轨上方(看强),暂停买入/逢高减仓,1.0x,1.36,未知
562860,0.73,78.16,⚠️超买区,中轨上方(看强),暂停买入/逢高减仓,1.0x,1.36,未知
159643,0.63,72.97,⚠️超买区,中轨上方(看强),暂停买入/逢高减仓,1.0x,1.36,未知
159606,1.236,90.0,⚠️超买区,中轨上方(看强),暂停买入/逢高减仓,1.0x,1.36,未知
159216,1.443,67.12,正常震荡,中轨上方(看强),常规网格,1.0x,1.36,未知
159938,0.693,74.65,⚠️超买区,中轨上方(看强),暂停买入/逢高减仓,1.0x,1.35,未知
506006,1.096,100.0,⚠️超买区,中轨上方(看强),暂停买入/逢高减仓,1.0x,1.35,未知
563000,1.095,74.73,⚠️超买区,中轨上方(看强),暂停买入/逢高减仓,1.0x,1.35,未知
159716,1.086,67.59,正常震荡,中轨上方(看强),常规网格,1.0x,1.35,未知
159535,1.518,89.71,⚠️超买区,中轨上方(看强),暂停买入/逢高减仓,1.0x,1.35,未知
561300,1.023,78.38,⚠️超买区,中轨上方(看强),暂停买入/逢高减仓,1.0x,1.35,未知
562050,1.06,74.44,⚠️超买区,中轨上方(看强),暂停买入/逢高减仓,1.0x,1.34,未知
562900,0.804,61.29,正常震荡,中轨上方(看强),常规网格,1.0x,1.34,未知
516810,0.866,69.51,正常震荡,中轨上方(看强),常规网格,1.0x,1.34,未知
561260,1.297,82.46,⚠️超买区,中轨上方(看强),暂停买入/逢高减仓,1.0x,1.34,未知
159747,1.431,63.64,正常震荡,中轨上方(看强),常规网格,1.0x,1.34,未知
510650,3.092,51.28,正常震荡,中轨上方(看强),常规网格,1.0x,1.34,未知
530100,1.129,97.01,⚠️超买区,中轨上方(看强),暂停买入/逢高减仓,1.0x,1.34,未知
508008,8.188,65.13,正常震荡,中轨上方(看强),常规网格,1.0x,1.34,未知
508028,10.385,50.79,正常震荡,中轨上方(看强),常规网格,1.0x,1.33,未知
560220,1.504,92.9,⚠️超买区,中轨上方(看强),暂停买入/逢高减仓,1.0x,1.32,未知
159109,0.931,58.56,正常震荡,中轨上方(看强),常规网格,1.0x,1.32,未知
510230,1.415,48.48,正常震荡,中轨下方(看弱),常规网格,1.0x,1.32,未知
506001,1.318,95.24,⚠️超买区,中轨上方(看强),暂停买入/逢高减仓,1.0x,1.32,未知
501206,0.85,83.17,⚠️超买区,中轨上方(看强),暂停买入/逢高减仓,1.0x,1.32,未知
512640,2.547,53.59,正常震荡,中轨上方(看强),常规网格,1.0x,1.32,未知
159211,1.403,66.9,正常震荡,中轨上方(看强),常规网格,1.0x,1.32,未知
510660,2.565,74.74,⚠️超买区,中轨上方(看强),暂停买入/逢高减仓,1.0x,1.32,未知
517330,0.958,79.61,⚠️超买区,中轨上方(看强),暂停买入/逢高减仓,1.0x,1.32,未知
501218,1.06,78.36,⚠️超买区,中轨上方(看强),暂停买入/逢高减仓,1.0x,1.32,未知
502000,2.059,98.22,⚠️超买区,中轨上方(看强),暂停买入/逢高减仓,1.0x,1.32,未知
501048,1.243,59.2,正常震荡,中轨上方(看强),常规网格,1.0x,1.32,未知
159935,2.54,95.15,⚠️超买区,中轨上方(看强),暂停买入/逢高减仓,1.0x,1.32,未知
561780,1.569,86.54,⚠️超买区,中轨上方(看强),暂停买入/逢高减仓,1.0x,1.31,未知
510380,1.402,75.65,⚠️超买区,中轨上方(看强),暂停买入/逢高减仓,1.0x,1.31,未知
159292,1.155,89.43,⚠️超买区,中轨上方(看强),暂停买入/逢高减仓,1.0x,1.31,未知
159691,1.312,57.46,正常震荡,中轨上方(看强),常规网格,1.0x,1.31,未知
518860,9.611,60.82,正常震荡,中轨上方(看强),常规网格,1.0x,1.31,未知
512620,1.029,72.09,⚠️超买区,中轨上方(看强),暂停买入/逢高减仓,1.0x,1.31,未知
159571,1.6,93.75,⚠️超买区,中轨上方(看强),暂停买入/逢高减仓,1.0x,1.3,未知
159576,1.518,69.08,正常震荡,中轨上方(看强),常规网格,1.0x,1.3,未知
516550,0.786,73.26,⚠️超买区,中轨上方(看强),暂停买入/逢高减仓,1.0x,1.3,未知
513210,1.603,58.54,正常震荡,中轨上方(看强),常规网格,1.0x,1.3,未知
515900,1.692,92.25,⚠️超买区,中轨上方(看强),暂停买入/逢高减仓,1.0x,1.3,未知
501036,1.52,92.47,⚠️超买区,中轨上方(看强),暂停买入/逢高减仓,1.0x,1.3,未知
508086,5.058,70.57,⚠️超买区,中轨上方(看强),暂停买入/逢高减仓,1.0x,1.29,未知
501207,0.715,83.61,⚠️超买区,中轨上方(看强),暂停买入/逢高减仓,1.0x,1.29,未知
517900,1.471,40.14,正常震荡,中轨下方(看弱),常规网格,1.0x,1.29,未知
516930,0.545,76.81,⚠️超买区,中轨上方(看强),暂停买入/逢高减仓,1.0x,1.29,未知
159954,1.027,57.02,正常震荡,中轨上方(看强),常规网格,1.0x,1.29,未知
515590,1.974,94.87,⚠️超买区,中轨上方(看强),暂停买入/逢高减仓,1.0x,1.29,未知
501225,2.123,82.39,⚠️超买区,中轨上方(看强),暂停买入/逢高减仓,1.0x,1.29,未知
512050,1.237,85.59,⚠️超买区,中轨上方(看强),暂停买入/逢高减仓,1.0x,1.29,未知
501306,1.213,41.96,正常震荡,中轨下方(看弱),常规网格,1.0x,1.28,未知
159660,2.07,40.5,正常震荡,中轨下方(看弱),常规网格,1.0x,1.28,未知
563220,1.292,85.95,⚠️超买区,中轨上方(看强),暂停买入/逢高减仓,1.0x,1.28,未知
159352,1.294,87.93,⚠️超买区,中轨上方(看强),暂停买入/逢高减仓,1.0x,1.28,未知
159215,1.316,86.55,⚠️超买区,中轨上方(看强),暂停买入/逢高减仓,1.0x,1.28,未知
508091,6.693,67.9,正常震荡,中轨上方(看强),常规网格,1.0x,1.28,未知
159601,1.091,74.73,⚠️超买区,中轨上方(看强),暂停买入/逢高减仓,1.0x,1.28,未知
159361,1.266,86.21,⚠️超买区,中轨上方(看强),暂停买入/逢高减仓,1.0x,1.28,未知
589550,1.297,94.16,⚠️超买区,中轨上方(看强),暂停买入/逢高减仓,1.0x,1.28,未知
501077,2.688,77.93,⚠️超买区,中轨上方(看强),暂停买入/逢高减仓,1.0x,1.28,未知
159339,1.25,90.1,⚠️超买区,中轨上方(看强),暂停买入/逢高减仓,1.0x,1.28,未知
560650,1.084,73.13,⚠️超买区,中轨上方(看强),暂停买入/逢高减仓,1.0x,1.28,未知
159529,1.386,44.55,正常震荡,中轨下方(看弱),常规网格,1.0x,1.27,未知
508016,4.376,50.39,正常震荡,中轨上方(看强),常规网格,1.0x,1.27,未知
502053,1.213,61.83,正常震荡,中轨上方(看强),常规网格,1.0x,1.27,未知
159512,1.464,66.91,正常震荡,中轨上方(看强),常规网格,1.0x,1.27,未知
512060,1.228,76.61,⚠️超买区,中轨上方(看强),暂停买入/逢高减仓,1.0x,1.27,未知
560610,1.222,87.96,⚠️超买区,中轨上方(看强),暂停买入/逢高减仓,1.0x,1.27,未知
159758,1.078,80.91,⚠️超买区,中轨上方(看强),暂停买入/逢高减仓,1.0x,1.27,未知
159929,1.425,72.05,⚠️超买区,中轨上方(看强),暂停买入/逢高减仓,1.0x,1.27,未知
530530,1.13,97.79,⚠️超买区,中轨上方(看强),暂停买入/逢高减仓,1.0x,1.27,未知
159376,1.355,90.0,⚠️超买区,中轨上方(看强),暂停买入/逢高减仓,1.0x,1.27,未知
159685,1.46,93.67,⚠️超买区,中轨上方(看强),暂停买入/逢高减仓,1.0x,1.27,未知
515800,1.305,85.59,⚠️超买区,中轨上方(看强),暂停买入/逢高减仓,1.0x,1.26,未知
561990,1.075,74.19,⚠️超买区,中轨上方(看强),暂停买入/逢高减仓,1.0x,1.26,未知
159981,1.285,70.9,⚠️超买区,中轨上方(看强),暂停买入/逢高减仓,1.0x,1.26,未知
159338,1.246,85.71,⚠️超买区,中轨上方(看强),暂停买入/逢高减仓,1.0x,1.26,未知
502056,0.728,78.49,⚠️超买区,中轨上方(看强),暂停买入/逢高减仓,1.0x,1.26,未知
159602,1.049,75.0,⚠️超买区,中轨上方(看强),暂停买入/逢高减仓,1.0x,1.26,未知
159960,0.909,56.48,正常震荡,中轨上方(看强),常规网格,1.0x,1.26,未知
513140,1.646,62.05,正常震荡,中轨上方(看强),常规网格,1.0x,1.26,未知
563800,1.239,86.09,⚠️超买区,中轨上方(看强),暂停买入/逢高减仓,1.0x,1.26,未知
159360,1.324,86.78,⚠️超买区,中轨上方(看强),暂停买入/逢高减仓,1.0x,1.26,未知
501203,1.422,80.77,⚠️超买区,中轨上方(看强),暂停买入/逢高减仓,1.0x,1.26,未知
159940,1.301,53.64,正常震荡,中轨上方(看强),常规网格,1.0x,1.25,未知
513810,1.68,59.7,正常震荡,中轨上方(看强),常规网格,1.0x,1.25,未知
159787,0.74,78.33,⚠️超买区,中轨上方(看强),暂停买入/逢高减仓,1.0x,1.25,未知
159351,1.253,86.73,⚠️超买区,中轨上方(看强),暂停买入/逢高减仓,1.0x,1.25,未知
159627,1.343,73.64,⚠️超买区,中轨上方(看强),暂停买入/逢高减仓,1.0x,1.25,未知
563360,1.314,83.97,⚠️超买区,中轨上方(看强),暂停买入/逢高减仓,1.0x,1.24,未知
159356,1.3,86.67,⚠️超买区,中轨上方(看强),暂停买入/逢高减仓,1.0x,1.24,未知
159275,1.001,65.71,正常震荡,中轨上方(看强),常规网格,1.0x,1.24,未知
501017,1.346,54.22,正常震荡,中轨上方(看强),常规网格,1.0x,1.24,未知
561950,1.464,94.23,⚠️超买区,中轨上方(看强),暂停买入/逢高减仓,1.0x,1.24,未知
513050,1.502,56.95,正常震荡,中轨上方(看强),常规网格,1.0x,1.24,未知
159996,1.604,76.97,⚠️超买区,中轨上方(看强),暂停买入/逢高减仓,1.0x,1.24,未知
159575,1.555,93.4,⚠️超买区,中轨上方(看强),暂停买入/逢高减仓,1.0x,1.24,未知
510530,8.777,94.93,⚠️超买区,中轨上方(看强),暂停买入/逢高减仓,1.0x,1.24,未知
159386,1.315,81.12,⚠️超买区,中轨上方(看强),暂停买入/逢高减仓,1.0x,1.24,未知
159791,1.123,77.11,⚠️超买区,中轨上方(看强),暂停买入/逢高减仓,1.0x,1.24,未知
159359,1.305,86.07,⚠️超买区,中轨上方(看强),暂停买入/逢高减仓,1.0x,1.23,未知
512020,1.311,88.7,⚠️超买区,中轨上方(看强),暂停买入/逢高减仓,1.0x,1.23,未知
159657,0.69,73.68,⚠️超买区,中轨上方(看强),暂停买入/逢高减仓,1.0x,1.23,未知
561920,0.756,77.91,⚠️超买区,中轨上方(看强),暂停买入/逢高减仓,1.0x,1.23,未知
560030,1.358,65.62,正常震荡,中轨上方(看强),常规网格,1.0x,1.23,未知
563880,1.28,89.62,⚠️超买区,中轨上方(看强),暂停买入/逢高减仓,1.0x,1.23,未知
159827,0.914,70.13,⚠️超买区,中轨上方(看强),暂停买入/逢高减仓,1.0x,1.23,未知
159607,1.11,61.96,正常震荡,中轨上方(看强),常规网格,1.0x,1.23,未知
159209,1.24,80.0,⚠️超买区,中轨上方(看强),暂停买入/逢高减仓,1.0x,1.23,未知
512950,1.533,93.55,⚠️超买区,中轨上方(看强),暂停买入/逢高减仓,1.0x,1.23,未知
159362,1.314,85.37,⚠️超买区,中轨上方(看强),暂停买入/逢高减仓,1.0x,1.22,未知
159653,1.24,76.72,⚠️超买区,中轨上方(看强),暂停买入/逢高减仓,1.0x,1.22,未知
159595,1.371,69.17,正常震荡,中轨上方(看强),常规网格,1.0x,1.22,未知
159380,1.365,85.71,⚠️超买区,中轨上方(看强),暂停买入/逢高减仓,1.0x,1.22,未知
159760,0.636,74.58,⚠️超买区,中轨上方(看强),暂停买入/逢高减仓,1.0x,1.22,未知
510710,4.469,77.08,⚠️超买区,中轨上方(看强),暂停买入/逢高减仓,1.0x,1.22,未知
560510,1.219,88.79,⚠️超买区,中轨上方(看强),暂停买入/逢高减仓,1.0x,1.22,未知
563500,0.647,86.44,⚠️超买区,中轨上方(看强),暂停买入/逢高减仓,1.0x,1.22,未知
513070,1.317,45.83,正常震荡,中轨下方(看弱),常规网格,1.0x,1.22,未知
563080,1.375,69.29,正常震荡,中轨上方(看强),常规网格,1.0x,1.22,未知
513550,1.173,60.18,正常震荡,中轨上方(看强),常规网格,1.0x,1.22,未知
530380,1.083,92.91,⚠️超买区,中轨上方(看强),暂停买入/逢高减仓,1.0x,1.22,未知
508027,2.944,87.02,⚠️超买区,中轨上方(看强),暂停买入/逢高减仓,1.0x,1.22,未知
159593,1.373,68.35,正常震荡,中轨上方(看强),常规网格,1.0x,1.21,未知
159925,4.789,76.3,⚠️超买区,中轨上方(看强),暂停买入/逢高减仓,1.0x,1.21,未知
560530,1.259,86.96,⚠️超买区,中轨上方(看强),暂停买入/逢高减仓,1.0x,1.21,未知
159358,1.323,86.07,⚠️超买区,中轨上方(看强),暂停买入/逢高减仓,1.0x,1.21,未知
159592,1.35,69.84,正常震荡,中轨上方(看强),常规网格,1.0x,1.21,未知
516970,1.237,86.09,⚠️超买区,中轨上方(看强),暂停买入/逢高减仓,1.0x,1.21,未知
510300,4.885,76.4,⚠️超买区,中轨上方(看强),暂停买入/逢高减仓,1.0x,1.21,未知
515330,1.366,75.96,⚠️超买区,中轨上方(看强),暂停买入/逢高减仓,1.0x,1.21,未知
159353,1.258,88.39,⚠️超买区,中轨上方(看强),暂停买入/逢高减仓,1.0x,1.21,未知
560880,1.676,83.03,⚠️超买区,中轨上方(看强),暂停买入/逢高减仓,1.0x,1.21,未知
501065,1.33,92.59,⚠️超买区,中轨上方(看强),暂停买入/逢高减仓,1.0x,1.2,未知
159605,1.111,61.44,正常震荡,中轨上方(看强),常规网格,1.0x,1.2,未知
561090,1.229,85.71,⚠️超买区,中轨上方(看强),暂停买入/逢高减仓,1.0x,1.2,未知
159975,0.741,66.23,正常震荡,中轨上方(看强),常规网格,1.0x,1.2,未知
159357,1.3,87.93,⚠️超买区,中轨上方(看强),暂停买入/逢高减仓,1.0x,1.2,未知
512650,1.328,82.84,⚠️超买区,中轨上方(看强),暂停买入/逢高减仓,1.0x,1.2,未知
515130,1.552,77.48,⚠️超买区,中轨上方(看强),暂停买入/逢高减仓,1.0x,1.2,未知
512080,1.33,85.6,⚠️超买区,中轨上方(看强),暂停买入/逢高减仓,1.0x,1.2,未知
159509,2.302,52.99,正常震荡,中轨下方(看弱),常规网格,1.0x,1.2,未知
562320,1.379,60.23,正常震荡,中轨上方(看强),常规网格,1.0x,1.2,未知
515530,4.383,99.43,⚠️超买区,中轨上方(看强),暂停买入/逢高减仓,1.0x,1.19,未知
520950,0.96,59.8,正常震荡,中轨上方(看强),常规网格,1.0x,1.19,未知
520560,0.922,52.81,正常震荡,中轨下方(看弱),常规网格,1.0x,1.19,未知
515680,1.708,91.78,⚠️超买区,中轨上方(看强),暂停买入/逢高减仓,1.0x,1.19,未知
562340,1.365,90.13,⚠️超买区,中轨上方(看强),暂停买入/逢高减仓,1.0x,1.19,未知
501043,1.616,76.42,⚠️超买区,中轨上方(看强),暂停买入/逢高减仓,1.0x,1.19,未知
510270,1.562,80.18,⚠️超买区,中轨上方(看强),暂停买入/逢高减仓,1.0x,1.19,未知
560350,1.306,68.55,正常震荡,中轨上方(看强),常规网格,1.0x,1.19,未知
159249,1.316,88.35,⚠️超买区,中轨上方(看强),暂停买入/逢高减仓,1.0x,1.19,未知
510800,1.477,77.5,⚠️超买区,中轨上方(看强),暂停买入/逢高减仓,1.0x,1.19,未知
159800,1.45,89.38,⚠️超买区,中轨上方(看强),暂停买入/逢高减仓,1.0x,1.19,未知
512910,1.324,77.42,⚠️超买区,中轨上方(看强),暂停买入/逢高减仓,1.0x,1.18,未知
501219,1.675,95.51,⚠️超买区,中轨上方(看强),暂停买入/逢高减仓,1.0x,1.18,未知
561230,1.335,70.25,⚠️超买区,中轨上方(看强),暂停买入/逢高减仓,1.0x,1.18,未知
159265,0.965,45.83,正常震荡,中轨下方(看弱),常规网格,1.0x,1.18,未知
510670,1.026,87.01,⚠️超买区,中轨上方(看强),暂停买入/逢高减仓,1.0x,1.18,未知
561930,1.564,80.33,⚠️超买区,中轨上方(看强),暂停买入/逢高减仓,1.0x,1.18,未知
159238,1.276,71.13,⚠️超买区,中轨上方(看强),暂停买入/逢高减仓,1.0x,1.18,未知
513360,0.562,76.0,⚠️超买区,中轨上方(看强),暂停买入/逢高减仓,1.0x,1.18,未知
159596,0.652,70.69,⚠️超买区,中轨上方(看强),暂停买入/逢高减仓,1.0x,1.18,未知
159730,1.134,74.0,⚠️超买区,中轨上方(看强),暂停买入/逢高减仓,1.0x,1.18,未知
517660,1.218,71.22,⚠️超买区,中轨上方(看强),暂停买入/逢高减仓,1.0x,1.18,未知
159591,1.366,69.92,正常震荡,中轨上方(看强),常规网格,1.0x,1.18,未知
512090,1.988,80.0,⚠️超买区,中轨上方(看强),暂停买入/逢高减仓,1.0x,1.18,未知
159822,0.736,62.92,正常震荡,中轨上方(看强),常规网格,1.0x,1.17,未知
159735,0.802,48.84,正常震荡,中轨下方(看弱),常规网格,1.0x,1.17,未知
515960,0.877,74.73,⚠️超买区,中轨上方(看强),暂停买入/逢高减仓,1.0x,1.17,未知
510360,1.806,76.32,⚠️超买区,中轨上方(看强),暂停买入/逢高减仓,1.0x,1.17,未知
159245,0.94,44.57,正常震荡,中轨下方(看弱),常规网格,1.0x,1.17,未知
159521,1.361,92.99,⚠️超买区,中轨上方(看强),暂停买入/逢高减仓,1.0x,1.17,未知
515380,5.487,78.26,⚠️超买区,中轨上方(看强),暂停买入/逢高减仓,1.0x,1.17,未知
510810,0.983,87.64,⚠️超买区,中轨上方(看强),暂停买入/逢高减仓,1.0x,1.17,未知
159379,1.344,86.29,⚠️超买区,中轨上方(看强),暂停买入/逢高减仓,1.0x,1.17,未知
159619,1.096,79.79,⚠️超买区,中轨上方(看强),暂停买入/逢高减仓,1.0x,1.17,未知
159936,2.267,84.37,⚠️超买区,中轨上方(看强),暂停买入/逢高减仓,1.0x,1.16,未知
563350,1.4,70.99,⚠️超买区,中轨上方(看强),暂停买入/逢高减仓,1.0x,1.16,未知
515390,1.38,77.98,⚠️超买区,中轨上方(看强),暂停买入/逢高减仓,1.0x,1.16,未知
159961,2.151,67.27,正常震荡,中轨上方(看强),常规网格,1.0x,1.16,未知
510850,3.739,82.26,⚠️超买区,中轨上方(看强),暂停买入/逢高减仓,1.0x,1.16,未知
159226,1.269,82.35,⚠️超买区,中轨上方(看强),暂停买入/逢高减仓,1.0x,1.16,未知
520620,0.929,47.13,正常震荡,中轨下方(看弱),常规网格,1.0x,1.16,未知
159300,5.029,77.11,⚠️超买区,中轨上方(看强),暂停买入/逢高减仓,1.0x,1.16,未知
563860,1.301,82.95,⚠️超买区,中轨上方(看强),暂停买入/逢高减仓,1.0x,1.16,未知
512690,0.547,45.1,正常震荡,中轨下方(看弱),常规网格,1.0x,1.16,未知
159268,0.93,44.19,正常震荡,中轨下方(看弱),常规网格,1.0x,1.16,未知
159393,4.917,76.83,⚠️超买区,中轨上方(看强),暂停买入/逢高减仓,1.0x,1.16,未知
561060,1.134,65.91,正常震荡,中轨上方(看强),常规网格,1.0x,1.15,未知
563330,4.372,93.18,⚠️超买区,中轨上方(看强),暂停买入/逢高减仓,1.0x,1.15,未知
513970,0.937,49.46,正常震荡,中轨下方(看弱),常规网格,1.0x,1.15,未知
563650,1.309,87.07,⚠️超买区,中轨上方(看强),暂停买入/逢高减仓,1.0x,1.15,未知
515810,1.7,87.76,⚠️超买区,中轨上方(看强),暂停买入/逢高减仓,1.0x,1.15,未知
515310,1.417,76.52,⚠️超买区,中轨上方(看强),暂停买入/逢高减仓,1.0x,1.15,未知
159866,1.371,60.12,正常震荡,中轨上方(看强),常规网格,1.0x,1.15,未知
159850,0.905,57.01,正常震荡,中轨上方(看强),常规网格,1.0x,1.15,未知
520960,0.973,57.66,正常震荡,中轨上方(看强),常规网格,1.0x,1.15,未知
510350,4.959,77.89,⚠️超买区,中轨上方(看强),暂停买入/逢高减仓,1.0x,1.15,未知
501047,1.254,55.4,正常震荡,中轨上方(看强),常规网格,1.0x,1.15,未知
501050,1.812,84.92,⚠️超买区,中轨上方(看强),暂停买入/逢高减仓,1.0x,1.15,未知
561130,0.999,73.96,⚠️超买区,中轨上方(看强),暂停买入/逢高减仓,1.0x,1.15,未知
530050,1.234,79.21,⚠️超买区,中轨上方(看强),暂停买入/逢高减仓,1.0x,1.15,未知
510150,0.575,72.0,⚠️超买区,中轨上方(看强),暂停买入/逢高减仓,1.0x,1.15,未知
510570,1.257,97.22,⚠️超买区,中轨上方(看强),暂停买入/逢高减仓,1.0x,1.15,未知
159673,1.3,78.57,⚠️超买区,中轨上方(看强),暂停买入/逢高减仓,1.0x,1.14,未知
159631,1.285,76.72,⚠️超买区,中轨上方(看强),暂停买入/逢高减仓,1.0x,1.14,未知
513000,1.854,64.21,正常震荡,中轨上方(看强),常规网格,1.0x,1.14,未知
159271,1.029,59.63,正常震荡,中轨上方(看强),常规网格,1.0x,1.14,未知
510030,1.114,53.42,正常震荡,中轨上方(看强),常规网格,1.0x,1.14,未知
510900,1.155,56.62,正常震荡,中轨上方(看强),常规网格,1.0x,1.14,未知
562080,0.62,72.73,⚠️超买区,中轨上方(看强),暂停买入/逢高减仓,1.0x,1.14,未知
501062,1.872,74.62,⚠️超买区,中轨上方(看强),暂停买入/逢高减仓,1.0x,1.14,未知
513230,1.046,49.12,正常震荡,中轨下方(看弱),常规网格,1.0x,1.14,未知
159969,1.519,69.44,正常震荡,中轨上方(看强),常规网格,1.0x,1.13,未知
563780,1.275,77.65,⚠️超买区,中轨上方(看强),暂停买入/逢高减仓,1.0x,1.13,未知
560810,1.143,89.36,⚠️超买区,中轨上方(看强),暂停买入/逢高减仓,1.0x,1.13,未知
516910,1.12,61.29,正常震荡,中轨上方(看强),常规网格,1.0x,1.13,未知
159721,1.031,69.66,正常震荡,中轨上方(看强),常规网格,1.0x,1.13,未知
513170,1.548,60.0,正常震荡,中轨上方(看强),常规网格,1.0x,1.13,未知
561120,1.429,83.97,⚠️超买区,中轨上方(看强),暂停买入/逢高减仓,1.0x,1.13,未知
159330,1.459,77.31,⚠️超买区,中轨上方(看强),暂停买入/逢高减仓,1.0x,1.12,未知
510950,1.339,79.81,⚠️超买区,中轨上方(看强),暂停买入/逢高减仓,1.0x,1.12,未知
563520,1.218,77.55,⚠️超买区,中轨上方(看强),暂停买入/逢高减仓,1.0x,1.12,未知
510330,4.955,76.37,⚠️超买区,中轨上方(看强),暂停买入/逢高减仓,1.0x,1.12,未知
159645,0.712,71.59,⚠️超买区,中轨上方(看强),暂停买入/逢高减仓,1.0x,1.12,未知
563060,1.13,86.67,⚠️超买区,中轨上方(看强),暂停买入/逢高减仓,1.0x,1.12,未知
517300,0.961,66.67,正常震荡,中轨上方(看强),常规网格,1.0x,1.12,未知
510050,3.209,79.12,⚠️超买区,中轨上方(看强),暂停买入/逢高减仓,1.0x,1.11,未知
159285,0.924,44.21,正常震荡,中轨下方(看弱),常规网格,1.0x,1.11,未知
510310,4.68,76.12,⚠️超买区,中轨上方(看强),暂停买入/逢高减仓,1.0x,1.11,未知
513880,1.717,60.0,正常震荡,中轨上方(看强),常规网格,1.0x,1.11,未知
562890,1.371,70.97,⚠️超买区,中轨上方(看强),暂停买入/逢高减仓,1.0x,1.11,未知
510320,1.278,80.68,⚠️超买区,中轨上方(看强),暂停买入/逢高减仓,1.0x,1.11,未知
159919,4.966,76.17,⚠️超买区,中轨上方(看强),暂停买入/逢高减仓,1.0x,1.11,未知
510390,5.32,76.35,⚠️超买区,中轨上方(看强),暂停买入/逢高减仓,1.0x,1.1,未知
501305,1.253,40.38,正常震荡,中轨下方(看弱),常规网格,1.0x,1.1,未知
510180,4.248,87.86,⚠️超买区,中轨上方(看强),暂停买入/逢高减仓,1.0x,1.1,未知
513920,1.629,57.25,正常震荡,中轨上方(看强),常规网格,1.0x,1.1,未知
159661,1.444,76.87,⚠️超买区,中轨上方(看强),暂停买入/逢高减仓,1.0x,1.1,未知
159365,1.063,59.29,正常震荡,中轨上方(看强),常规网格,1.0x,1.1,未知
159910,2.472,80.91,⚠️超买区,中轨上方(看强),暂停买入/逢高减仓,1.0x,1.1,未知
159699,1.013,49.48,正常震荡,中轨下方(看弱),常规网格,1.0x,1.1,未知
563600,1.076,81.37,⚠️超买区,中轨上方(看强),暂停买入/逢高减仓,1.0x,1.1,未知
513590,0.918,46.67,正常震荡,中轨下方(看弱),常规网格,1.0x,1.1,未知
560890,1.193,28.26,🔥超卖区,中轨下方(看弱),暂停卖出/分级加码买入,1.5x - 2.0x,1.1,未知
159519,1.702,59.86,正常震荡,中轨上方(看强),常规网格,1.0x,1.1,未知
516560,0.899,70.37,⚠️超买区,中轨上方(看强),暂停买入/逢高减仓,1.0x,1.09,未知
159635,1.161,85.88,⚠️超买区,中轨上方(看强),暂停买入/逢高减仓,1.0x,1.09,未知
510680,3.347,79.92,⚠️超买区,中轨上方(看强),暂停买入/逢高减仓,1.0x,1.09,未知
516460,1.28,69.57,正常震荡,中轨上方(看强),常规网格,1.0x,1.09,未知
159933,3.105,51.55,正常震荡,中轨上方(看强),常规网格,1.0x,1.09,未知
159669,1.097,56.41,正常震荡,中轨上方(看强),常规网格,1.0x,1.09,未知
516950,1.21,79.61,⚠️超买区,中轨上方(看强),暂停买入/逢高减仓,1.0x,1.09,未知
560180,1.207,77.42,⚠️超买区,中轨上方(看强),暂停买入/逢高减仓,1.0x,1.08,未知
513520,1.84,62.09,正常震荡,中轨上方(看强),常规网格,1.0x,1.08,未知
159232,1.288,76.84,⚠️超买区,中轨上方(看强),暂停买入/逢高减仓,1.0x,1.08,未知
159390,1.253,71.55,⚠️超买区,中轨上方(看强),暂停买入/逢高减仓,1.0x,1.08,未知
501022,2.69,82.74,⚠️超买区,中轨上方(看强),暂停买入/逢高减仓,1.0x,1.08,未知
510100,3.128,79.66,⚠️超买区,中轨上方(看强),暂停买入/逢高减仓,1.0x,1.08,未知
512960,1.485,91.47,⚠️超买区,中轨上方(看强),暂停买入/逢高减仓,1.0x,1.08,未知
515600,1.697,94.24,⚠️超买区,中轨上方(看强),暂停买入/逢高减仓,1.0x,1.08,未知
517550,0.765,46.3,正常震荡,中轨下方(看弱),常规网格,1.0x,1.07,未知
515710,0.594,51.79,正常震荡,中轨上方(看强),常规网格,1.0x,1.07,未知
159686,1.306,76.61,⚠️超买区,中轨上方(看强),暂停买入/逢高减仓,1.0x,1.07,未知
510040,1.223,86.36,⚠️超买区,中轨上方(看强),暂停买入/逢高减仓,1.0x,1.07,未知
501090,1.243,60.24,正常震荡,中轨上方(看强),常规网格,1.0x,1.07,未知
515110,1.672,95.83,⚠️超买区,中轨上方(看强),暂停买入/逢高减仓,1.0x,1.07,未知
159905,1.858,69.86,正常震荡,中轨上方(看强),常规网格,1.0x,1.07,未知
159201,1.245,82.61,⚠️超买区,中轨上方(看强),暂停买入/逢高减仓,1.0x,1.07,未知
502048,1.297,74.78,⚠️超买区,中轨上方(看强),暂停买入/逢高减仓,1.0x,1.06,未知
515170,0.557,50.0,正常震荡,中轨上方(看强),常规网格,1.0x,1.06,未知
561900,1.002,76.25,⚠️超买区,中轨上方(看强),暂停买入/逢高减仓,1.0x,1.06,未知
159235,1.295,75.79,⚠️超买区,中轨上方(看强),暂停买入/逢高减仓,1.0x,1.06,未知
563550,1.263,85.71,⚠️超买区,中轨上方(看强),暂停买入/逢高减仓,1.0x,1.06,未知
501088,0.783,59.76,正常震荡,中轨上方(看强),常规网格,1.0x,1.06,未知
561000,1.327,71.29,⚠️超买区,中轨上方(看强),暂停买入/逢高减仓,1.0x,1.06,未知
159577,1.507,55.88,正常震荡,中轨下方(看弱),常规网格,1.0x,1.06,未知
516600,0.673,81.25,⚠️超买区,中轨上方(看强),暂停买入/逢高减仓,1.0x,1.05,未知
516900,0.589,49.06,正常震荡,中轨上方(看强),常规网格,1.0x,1.05,未知
530680,1.208,85.26,⚠️超买区,中轨上方(看强),暂停买入/逢高减仓,1.0x,1.05,未知
517080,1.032,67.78,正常震荡,中轨上方(看强),常规网格,1.0x,1.05,未知
512180,1.738,78.47,⚠️超买区,中轨上方(看强),暂停买入/逢高减仓,1.0x,1.05,未知
512550,1.834,68.46,正常震荡,中轨上方(看强),常规网格,1.0x,1.05,未知
510370,1.059,78.21,⚠️超买区,中轨上方(看强),暂停买入/逢高减仓,1.0x,1.05,未知
159862,0.651,50.0,正常震荡,中轨上方(看强),常规网格,1.0x,1.05,未知
515730,1.045,70.13,⚠️超买区,中轨上方(看强),暂停买入/逢高减仓,1.0x,1.05,未知
512240,1.182,69.3,正常震荡,中轨上方(看强),常规网格,1.0x,1.05,未知
562350,1.079,52.56,正常震荡,中轨上方(看强),常规网格,1.0x,1.05,未知
515760,1.438,72.12,⚠️超买区,中轨上方(看强),暂停买入/逢高减仓,1.0x,1.05,未知
512030,1.132,67.89,正常震荡,中轨上方(看强),常规网格,1.0x,1.05,未知
508006,3.673,44.49,正常震荡,中轨上方(看强),常规网格,1.0x,1.05,未知
560330,1.276,58.11,正常震荡,中轨上方(看强),常规网格,1.0x,1.05,未知
159336,1.153,79.73,⚠️超买区,中轨上方(看强),暂停买入/逢高减仓,1.0x,1.04,未知
501089,1.216,52.13,正常震荡,中轨上方(看强),常规网格,1.0x,1.04,未知
510130,7.325,86.97,⚠️超买区,中轨上方(看强),暂停买入/逢高减仓,1.0x,1.04,未知
515150,1.582,91.95,⚠️超买区,中轨上方(看强),暂停买入/逢高减仓,1.0x,1.04,未知
562960,1.111,49.33,正常震荡,中轨上方(看强),常规网格,1.0x,1.04,未知
512250,1.246,67.74,正常震荡,中轨上方(看强),常规网格,1.0x,1.03,未知
159923,2.223,75.23,⚠️超买区,中轨上方(看强),暂停买入/逢高减仓,1.0x,1.03,未知
159662,1.051,58.23,正常震荡,中轨上方(看强),常规网格,1.0x,1.03,未知
513690,1.087,55.43,正常震荡,中轨上方(看强),常规网格,1.0x,1.03,未知
560580,1.077,49.38,正常震荡,中轨上方(看强),常规网格,1.0x,1.03,未知
513660,3.194,58.93,正常震荡,中轨上方(看强),常规网格,1.0x,1.03,未知
530000,1.452,82.52,⚠️超买区,中轨上方(看强),暂停买入/逢高减仓,1.0x,1.03,未知
501307,1.25,60.76,正常震荡,中轨上方(看强),常规网格,1.0x,1.03,未知
501312,2.101,61.69,正常震荡,中轨上方(看强),常规网格,1.0x,1.03,未知
512370,1.162,79.82,⚠️超买区,中轨上方(看强),暂停买入/逢高减仓,1.0x,1.03,未知
159222,1.324,83.67,⚠️超买区,中轨上方(看强),暂停买入/逢高减仓,1.0x,1.03,未知
563660,1.295,84.13,⚠️超买区,中轨上方(看强),暂停买入/逢高减仓,1.0x,1.03,未知
501028,1.447,57.5,正常震荡,中轨上方(看强),常规网格,1.0x,1.03,未知
512040,1.192,85.0,⚠️超买区,中轨上方(看强),暂停买入/逢高减仓,1.0x,1.03,未知
512800,0.808,29.79,🔥超卖区,中轨下方(看弱),暂停卖出/分级加码买入,1.5x - 2.0x,1.03,未知
513390,2.107,52.91,正常震荡,中轨下方(看弱),常规网格,1.0x,1.02,未知
563990,1.286,77.32,⚠️超买区,中轨上方(看强),暂停买入/逢高减仓,1.0x,1.02,未知
561700,1.074,50.59,正常震荡,中轨上方(看强),常规网格,1.0x,1.02,未知
510630,0.934,60.49,正常震荡,中轨上方(看强),常规网格,1.0x,1.02,未知
512990,2.028,80.46,⚠️超买区,中轨上方(看强),暂停买入/逢高减仓,1.0x,1.02,未知
520520,1.09,49.09,正常震荡,中轨下方(看弱),常规网格,1.0x,1.02,未知
512820,1.418,30.12,正常震荡,中轨下方(看弱),常规网格,1.0x,1.02,未知
563280,1.411,69.7,正常震荡,中轨上方(看强),常规网格,1.0x,1.02,未知
159913,2.519,76.98,⚠️超买区,中轨上方(看强),暂停买入/逢高减仓,1.0x,1.02,未知
563580,1.17,74.47,⚠️超买区,中轨上方(看强),暂停买入/逢高减仓,1.0x,1.02,未知
512700,1.583,29.21,🔥超卖区,中轨下方(看弱),暂停卖出/分级加码买入,1.5x - 2.0x,1.02,未知
159225,1.3,82.61,⚠️超买区,中轨上方(看强),暂停买入/逢高减仓,1.0x,1.02,未知
560380,1.273,77.24,⚠️超买区,中轨上方(看强),暂停买入/逢高减仓,1.0x,1.02,未知
159812,9.553,60.74,正常震荡,中轨上方(看强),常规网格,1.0x,1.02,未知
159887,1.319,29.58,🔥超卖区,中轨下方(看弱),暂停卖出/分级加码买入,1.5x - 2.0x,1.01,未知
520660,1.026,48.57,正常震荡,中轨下方(看弱),常规网格,1.0x,1.01,未知
560750,1.338,86.67,⚠️超买区,中轨上方(看强),暂停买入/逢高减仓,1.0x,1.01,未知
512260,1.95,85.71,⚠️超买区,中轨上方(看强),暂停买入/逢高减仓,1.0x,1.01,未知
516830,1.035,75.9,⚠️超买区,中轨上方(看强),暂停买入/逢高减仓,1.0x,1.01,未知
502013,1.447,75.82,⚠️超买区,中轨上方(看强),暂停买入/逢高减仓,1.0x,1.01,未知
520990,1.0,50.0,正常震荡,中轨下方(看弱),常规网格,1.0x,1.01,未知
159672,0.756,50.0,正常震荡,中轨上方(看强),常规网格,1.0x,1.01,未知
501025,1.63,53.48,正常震荡,中轨下方(看弱),常规网格,1.0x,1.01,未知
515020,1.717,31.37,正常震荡,中轨下方(看弱),常规网格,1.0x,1.0,未知
512160,1.523,81.4,⚠️超买区,中轨上方(看强),暂停买入/逢高减仓,1.0x,1.0,未知
516310,1.335,27.94,🔥超卖区,中轨下方(看弱),暂停卖出/分级加码买入,1.5x - 2.0x,1.0,未知
561180,1.358,76.98,⚠️超买区,中轨上方(看强),暂停买入/逢高减仓,1.0x,1.0,未知
159736,0.7,53.97,正常震荡,中轨上方(看强),常规网格,1.0x,1.0,未知
159726,1.32,48.15,正常震荡,中轨下方(看弱),常规网格,1.0x,1.0,未知
159229,1.254,76.84,⚠️超买区,中轨上方(看强),暂停买入/逢高减仓,1.0x,1.0,未知
510190,4.568,79.26,⚠️超买区,中轨上方(看强),暂停买入/逢高减仓,1.0x,1.0,未知
159276,1.165,79.78,⚠️超买区,中轨上方(看强),暂停买入/逢高减仓,1.0x,1.0,未知
515990,1.56,95.42,⚠️超买区,中轨上方(看强),暂停买入/逢高减仓,1.0x,1.0,未知
